timestamp,emergency_type,emergency_lat,emergency_lon,hospital_lat,hospital_lon,road_condition,traffic_density,public_transit_delay_mins,v2x_communication,traffic_light_id,ambulance_speed_kmh,weather,alternative_routes,incident_clearance_time
2025-03-27 16:23:00,Ambulance,8.778318,78.141444,8.769258,78.148325,Dry,High,26,False,TL_273,47,Sunny,"{""route1"": {""lat"": 12.993847, ""lon"": 77.684433}}",10
2025-03-27 23:01:00,Police,8.765762,78.136777,8.755653,78.148896,Dry,High,1,True,TL_310,48,Snow,"{""route1"": {""lat"": 12.956657, ""lon"": 77.541133}}",26
2025-03-27 21:28:00,Police,8.779813,78.144683,8.753542,78.126053,Accident,Medium,14,False,TL_325,56,Snow,"{""route1"": {""lat"": 12.91605, ""lon"": 77.550094}}",60
2025-03-27 14:51:00,Police,8.770372,78.138055,8.763246,78.121551,Wet,High,18,False,TL_392,39,Fog,"{""route1"": {""lat"": 12.994837, ""lon"": 77.655168}}",9
2025-03-27 23:19:00,Ambulance,8.765724,78.144057,8.753751,78.128178,Construction,High,12,False,TL_124,33,Rain,"{""route1"": {""lat"": 12.960527, ""lon"": 77.590496}}",50
2025-03-27 14:33:00,Ambulance,8.751454,78.127544,8.776892,78.12913,Wet,Gridlock,4,False,TL_345,80,Rain,"{""route1"": {""lat"": 12.907009, ""lon"": 77.584969}}",34
2025-03-27 09:22:00,Fire,8.755488,78.124924,8.763999,78.132365,Accident,Medium,22,True,TL_431,76,Rain,"{""route1"": {""lat"": 12.914603, ""lon"": 77.543889}}",14
2025-03-27 12:39:00,Ambulance,8.756174,78.124027,8.770141,78.148332,Wet,Medium,3,False,TL_318,24,Sunny,"{""route1"": {""lat"": 12.931315, ""lon"": 77.662462}}",27
2025-03-27 13:52:00,Police,8.774333,78.147274,8.756698,78.138518,Accident,Gridlock,18,False,TL_317,64,Snow,"{""route1"": {""lat"": 12.917142, ""lon"": 77.642014}}",52
2025-03-27 12:32:00,Fire,8.773998,78.133657,8.768024,78.130355,Construction,Low,5,True,TL_492,38,Snow,"{""route1"": {""lat"": 12.931969, ""lon"": 77.608889}}",19
2025-03-27 09:48:00,Police,8.764774,78.127655,8.775537,78.132888,Wet,High,6,False,TL_357,38,Sunny,"{""route1"": {""lat"": 12.948141, ""lon"": 77.675355}}",14
2025-03-27 15:39:00,Police,8.766729,78.137847,8.774464,78.134025,Wet,Medium,1,False,TL_217,67,Fog,"{""route1"": {""lat"": 12.966909, ""lon"": 77.500869}}",9
2025-03-27 18:41:00,Ambulance,8.776866,78.145759,8.756938,78.135725,Accident,Medium,11,False,TL_254,32,Snow,"{""route1"": {""lat"": 12.909167, ""lon"": 77.587425}}",29
2025-03-27 08:21:00,Fire,8.774632,78.135313,8.766083,78.138414,Wet,High,13,False,TL_288,70,Snow,"{""route1"": {""lat"": 12.930416, ""lon"": 77.622152}}",5
2025-03-27 14:04:00,Ambulance,8.778291,78.147746,8.761931,78.147715,Dry,Medium,9,True,TL_469,70,Rain,"{""route1"": {""lat"": 12.96542, ""lon"": 77.533464}}",43
2025-03-27 15:36:00,Ambulance,8.775432,78.12256,8.754648,78.135698,Wet,Gridlock,1,True,TL_347,53,Rain,"{""route1"": {""lat"": 12.93697, ""lon"": 77.540206}}",21
2025-03-27 19:46:00,Fire,8.754594,78.132527,8.76434,78.146688,Accident,High,11,True,TL_318,61,Snow,"{""route1"": {""lat"": 12.954083, ""lon"": 77.515904}}",11
2025-03-28 08:00:00,Police,8.76368,78.128818,8.764494,78.122929,Construction,Gridlock,13,False,TL_128,65,Rain,"{""route1"": {""lat"": 12.914312, ""lon"": 77.519013}}",41
2025-03-27 21:14:00,Fire,8.768187,78.122921,8.771476,78.120534,Wet,Medium,25,False,TL_425,75,Sunny,"{""route1"": {""lat"": 12.918395, ""lon"": 77.678866}}",26
2025-03-28 04:48:00,Ambulance,8.761493,78.135971,8.768425,78.138847,Accident,High,8,True,TL_295,35,Sunny,"{""route1"": {""lat"": 12.978432, ""lon"": 77.51542}}",17
2025-03-28 04:40:00,Ambulance,8.755134,78.142118,8.776754,78.146135,Wet,Gridlock,21,True,TL_431,69,Rain,"{""route1"": {""lat"": 12.993854, ""lon"": 77.676454}}",42
2025-03-28 03:10:00,Fire,8.763793,78.132188,8.751721,78.120496,Wet,Medium,4,True,TL_213,66,Fog,"{""route1"": {""lat"": 12.970418, ""lon"": 77.58326}}",46
2025-03-28 07:54:00,Fire,8.750583,78.134301,8.76303,78.126879,Dry,Gridlock,14,False,TL_373,61,Rain,"{""route1"": {""lat"": 12.968916, ""lon"": 77.656926}}",33
2025-03-27 21:09:00,Police,8.757999,78.143626,8.779513,78.147193,Construction,Low,10,False,TL_123,71,Snow,"{""route1"": {""lat"": 12.932047, ""lon"": 77.624621}}",31
2025-03-28 05:45:00,Ambulance,8.766861,78.136683,8.768775,78.144016,Dry,Medium,23,False,TL_425,61,Fog,"{""route1"": {""lat"": 12.971203, ""lon"": 77.577489}}",56
2025-03-27 10:34:00,Fire,8.752578,78.136239,8.757342,78.14206,Dry,Gridlock,25,True,TL_181,73,Snow,"{""route1"": {""lat"": 12.93627, ""lon"": 77.624722}}",9
2025-03-28 05:28:00,Ambulance,8.751227,78.121682,8.762981,78.149184,Construction,Medium,27,False,TL_378,34,Snow,"{""route1"": {""lat"": 12.948378, ""lon"": 77.575953}}",49
2025-03-27 23:34:00,Ambulance,8.751652,78.121505,8.778392,78.140434,Dry,Low,23,True,TL_204,69,Fog,"{""route1"": {""lat"": 12.969477, ""lon"": 77.665082}}",11
2025-03-27 08:51:00,Ambulance,8.764596,78.146905,8.757467,78.129577,Wet,High,2,True,TL_355,58,Fog,"{""route1"": {""lat"": 12.914798, ""lon"": 77.568775}}",22
2025-03-27 14:43:00,Fire,8.757466,78.144184,8.771313,78.143527,Dry,Low,18,True,TL_386,40,Snow,"{""route1"": {""lat"": 12.947949, ""lon"": 77.573654}}",55
2025-03-28 01:34:00,Fire,8.768156,78.144094,8.758798,78.147386,Accident,Low,1,True,TL_391,50,Snow,"{""route1"": {""lat"": 12.981508, ""lon"": 77.646978}}",46
2025-03-27 19:15:00,Fire,8.756073,78.144219,8.764675,78.145657,Construction,Gridlock,1,True,TL_432,78,Fog,"{""route1"": {""lat"": 12.995483, ""lon"": 77.684676}}",58
2025-03-28 03:53:00,Fire,8.760922,78.127695,8.753511,78.148468,Construction,High,25,False,TL_178,59,Fog,"{""route1"": {""lat"": 12.993667, ""lon"": 77.607971}}",18
2025-03-28 03:29:00,Police,8.752091,78.134806,8.761686,78.132333,Accident,High,3,True,TL_393,35,Rain,"{""route1"": {""lat"": 12.905136, ""lon"": 77.522777}}",51
2025-03-28 06:34:00,Fire,8.765954,78.143481,8.762454,78.147666,Dry,Medium,9,False,TL_378,74,Sunny,"{""route1"": {""lat"": 12.914614, ""lon"": 77.540733}}",43
2025-03-27 21:45:00,Ambulance,8.760778,78.149973,8.769807,78.145834,Accident,High,8,True,TL_147,78,Snow,"{""route1"": {""lat"": 12.991161, ""lon"": 77.642848}}",21
2025-03-28 00:26:00,Ambulance,8.755952,78.122056,8.767241,78.142462,Accident,High,15,True,TL_425,29,Snow,"{""route1"": {""lat"": 12.96541, ""lon"": 77.613322}}",20
2025-03-27 18:42:00,Fire,8.761136,78.140177,8.773555,78.13061,Construction,Gridlock,1,False,TL_316,26,Fog,"{""route1"": {""lat"": 12.974752, ""lon"": 77.569326}}",42
2025-03-27 21:11:00,Fire,8.757089,78.122754,8.759555,78.147083,Dry,Gridlock,17,True,TL_432,33,Rain,"{""route1"": {""lat"": 12.94746, ""lon"": 77.679463}}",42
2025-03-28 03:35:00,Ambulance,8.760814,78.126716,8.755616,78.125959,Wet,Gridlock,15,False,TL_110,52,Rain,"{""route1"": {""lat"": 12.94247, ""lon"": 77.634562}}",35
2025-03-28 07:41:00,Fire,8.765668,78.143912,8.767486,78.13279,Accident,Gridlock,3,True,TL_426,50,Rain,"{""route1"": {""lat"": 12.902112, ""lon"": 77.658754}}",22
2025-03-28 02:38:00,Fire,8.750814,78.142385,8.765587,78.138554,Dry,Gridlock,11,False,TL_457,60,Rain,"{""route1"": {""lat"": 12.95694, ""lon"": 77.691368}}",21
2025-03-27 21:15:00,Police,8.762486,78.127026,8.77828,78.147703,Wet,High,9,False,TL_169,65,Snow,"{""route1"": {""lat"": 12.971885, ""lon"": 77.527276}}",53
2025-03-27 15:03:00,Fire,8.755281,78.145813,8.766358,78.145785,Dry,Medium,19,False,TL_222,36,Sunny,"{""route1"": {""lat"": 12.91048, ""lon"": 77.511851}}",28
2025-03-28 06:40:00,Fire,8.775406,78.135047,8.751952,78.124608,Construction,High,10,False,TL_364,76,Sunny,"{""route1"": {""lat"": 12.950603, ""lon"": 77.556655}}",41
2025-03-27 13:54:00,Fire,8.771817,78.141036,8.762601,78.124135,Construction,Gridlock,9,True,TL_112,52,Snow,"{""route1"": {""lat"": 12.911934, ""lon"": 77.563459}}",52
2025-03-27 09:06:00,Fire,8.758743,78.148383,8.767919,78.121575,Construction,Low,5,False,TL_296,54,Rain,"{""route1"": {""lat"": 12.973204, ""lon"": 77.620422}}",12
2025-03-28 06:02:00,Fire,8.754214,78.138739,8.767422,78.122326,Construction,Medium,4,True,TL_270,34,Snow,"{""route1"": {""lat"": 12.977465, ""lon"": 77.590371}}",22
2025-03-28 01:22:00,Fire,8.765354,78.130356,8.758255,78.138557,Accident,Low,30,False,TL_395,35,Snow,"{""route1"": {""lat"": 12.90065, ""lon"": 77.523332}}",6
2025-03-28 02:39:00,Ambulance,8.778168,78.130341,8.764467,78.128361,Wet,High,8,False,TL_174,65,Rain,"{""route1"": {""lat"": 12.921289, ""lon"": 77.687248}}",11
2025-03-28 03:57:00,Ambulance,8.775813,78.12452,8.750952,78.12867,Construction,Low,19,True,TL_235,54,Rain,"{""route1"": {""lat"": 12.970385, ""lon"": 77.680021}}",11
2025-03-27 09:21:00,Ambulance,8.763712,78.1354,8.778039,78.145904,Dry,Low,18,False,TL_331,41,Snow,"{""route1"": {""lat"": 12.960548, ""lon"": 77.55101}}",10
2025-03-28 00:22:00,Fire,8.776545,78.147922,8.756749,78.14207,Dry,High,20,False,TL_215,55,Sunny,"{""route1"": {""lat"": 12.978447, ""lon"": 77.653197}}",10
2025-03-28 04:00:00,Fire,8.759724,78.147382,8.774049,78.145105,Dry,High,20,False,TL_350,44,Fog,"{""route1"": {""lat"": 12.919001, ""lon"": 77.603024}}",36
2025-03-27 18:19:00,Police,8.775494,78.141469,8.763636,78.122506,Dry,Medium,11,True,TL_140,63,Rain,"{""route1"": {""lat"": 12.938995, ""lon"": 77.652131}}",30
2025-03-28 00:29:00,Fire,8.7766,78.141472,8.776861,78.144435,Accident,Gridlock,0,True,TL_346,66,Sunny,"{""route1"": {""lat"": 12.941795, ""lon"": 77.636208}}",23
2025-03-27 17:15:00,Fire,8.767908,78.12736,8.761792,78.149812,Accident,Low,12,False,TL_450,45,Rain,"{""route1"": {""lat"": 12.952507, ""lon"": 77.595305}}",60
2025-03-27 13:38:00,Fire,8.7719,78.147799,8.778626,78.148605,Accident,Gridlock,24,True,TL_175,77,Rain,"{""route1"": {""lat"": 12.953187, ""lon"": 77.537741}}",8
2025-03-27 08:06:00,Ambulance,8.775891,78.126589,8.75026,78.134091,Construction,Medium,13,True,TL_279,66,Sunny,"{""route1"": {""lat"": 12.965252, ""lon"": 77.619265}}",49
2025-03-27 15:21:00,Ambulance,8.774232,78.123416,8.760896,78.12005,Dry,Medium,5,True,TL_382,31,Rain,"{""route1"": {""lat"": 12.994616, ""lon"": 77.537779}}",32
2025-03-28 07:03:00,Police,8.766488,78.140637,8.770104,78.124807,Construction,High,7,False,TL_486,21,Fog,"{""route1"": {""lat"": 12.92577, ""lon"": 77.553577}}",9
2025-03-27 12:18:00,Ambulance,8.755081,78.125384,8.776131,78.131638,Accident,High,2,True,TL_436,76,Snow,"{""route1"": {""lat"": 12.937651, ""lon"": 77.533074}}",53
2025-03-27 12:03:00,Police,8.752621,78.123893,8.773948,78.149389,Accident,Medium,21,True,TL_251,21,Snow,"{""route1"": {""lat"": 12.94485, ""lon"": 77.593269}}",54
2025-03-28 06:02:00,Police,8.773527,78.144017,8.759069,78.146853,Dry,High,13,True,TL_248,76,Sunny,"{""route1"": {""lat"": 12.977731, ""lon"": 77.53623}}",57
2025-03-27 19:56:00,Fire,8.770531,78.139165,8.7562,78.142251,Construction,Low,11,False,TL_303,53,Sunny,"{""route1"": {""lat"": 12.930253, ""lon"": 77.586615}}",7
2025-03-28 00:02:00,Fire,8.768217,78.136978,8.767037,78.146463,Dry,High,18,True,TL_242,31,Rain,"{""route1"": {""lat"": 12.930975, ""lon"": 77.681068}}",28
2025-03-27 21:50:00,Ambulance,8.760899,78.129073,8.753103,78.132226,Wet,Low,25,True,TL_168,42,Rain,"{""route1"": {""lat"": 12.991968, ""lon"": 77.632282}}",38
2025-03-27 23:01:00,Ambulance,8.765429,78.145559,8.757116,78.120404,Construction,Medium,1,False,TL_312,32,Fog,"{""route1"": {""lat"": 12.915023, ""lon"": 77.671171}}",60
2025-03-27 17:48:00,Fire,8.765758,78.14317,8.777123,78.134876,Wet,High,16,True,TL_205,64,Snow,"{""route1"": {""lat"": 12.950763, ""lon"": 77.525096}}",26
2025-03-27 12:55:00,Police,8.761953,78.123155,8.777988,78.124011,Wet,High,13,False,TL_433,70,Fog,"{""route1"": {""lat"": 12.912484, ""lon"": 77.562254}}",43
2025-03-27 18:43:00,Police,8.768226,78.145496,8.77912,78.138002,Construction,Medium,6,False,TL_214,35,Fog,"{""route1"": {""lat"": 12.975735, ""lon"": 77.520573}}",20
2025-03-27 08:39:00,Ambulance,8.768112,78.138044,8.7603,78.130894,Construction,Low,24,True,TL_307,69,Fog,"{""route1"": {""lat"": 12.979837, ""lon"": 77.58736}}",57
2025-03-27 15:41:00,Ambulance,8.778639,78.13333,8.753291,78.124194,Construction,High,25,False,TL_455,77,Rain,"{""route1"": {""lat"": 12.982687, ""lon"": 77.59962}}",32
2025-03-27 23:02:00,Police,8.779439,78.12192,8.779244,78.131677,Accident,Low,28,True,TL_494,77,Snow,"{""route1"": {""lat"": 12.912966, ""lon"": 77.662341}}",26
2025-03-28 01:19:00,Fire,8.75379,78.1235,8.758002,78.123761,Accident,Medium,5,True,TL_458,57,Fog,"{""route1"": {""lat"": 12.910425, ""lon"": 77.591335}}",26
2025-03-27 21:54:00,Police,8.777483,78.140297,8.76566,78.135184,Accident,Low,27,True,TL_309,52,Snow,"{""route1"": {""lat"": 12.93241, ""lon"": 77.66718}}",44
2025-03-28 04:20:00,Fire,8.750583,78.149148,8.768366,78.121788,Accident,Gridlock,10,False,TL_459,32,Sunny,"{""route1"": {""lat"": 12.973874, ""lon"": 77.591333}}",13
2025-03-27 08:06:00,Ambulance,8.751776,78.133281,8.755806,78.135357,Accident,High,29,False,TL_413,28,Rain,"{""route1"": {""lat"": 12.988784, ""lon"": 77.581132}}",28
2025-03-27 19:58:00,Police,8.776115,78.144781,8.767888,78.129518,Accident,High,9,True,TL_124,60,Rain,"{""route1"": {""lat"": 12.914609, ""lon"": 77.636794}}",28
2025-03-27 14:36:00,Police,8.768732,78.121763,8.754502,78.122012,Construction,High,30,False,TL_396,51,Snow,"{""route1"": {""lat"": 12.992395, ""lon"": 77.500144}}",42
2025-03-27 12:33:00,Fire,8.751085,78.138504,8.759834,78.12938,Construction,Low,1,True,TL_140,44,Rain,"{""route1"": {""lat"": 12.913536, ""lon"": 77.576036}}",37
2025-03-28 03:03:00,Fire,8.772383,78.142801,8.766265,78.133394,Dry,Gridlock,27,True,TL_281,55,Rain,"{""route1"": {""lat"": 12.953636, ""lon"": 77.687073}}",31
2025-03-28 02:01:00,Fire,8.765896,78.123338,8.761412,78.133761,Wet,Low,17,True,TL_375,61,Fog,"{""route1"": {""lat"": 12.908098, ""lon"": 77.525568}}",50
2025-03-27 10:50:00,Ambulance,8.76982,78.129906,8.775705,78.122096,Wet,Gridlock,6,True,TL_156,68,Snow,"{""route1"": {""lat"": 12.914801, ""lon"": 77.557215}}",57
2025-03-27 21:26:00,Fire,8.77,78.147535,8.751021,78.144994,Wet,High,0,True,TL_493,23,Fog,"{""route1"": {""lat"": 12.996202, ""lon"": 77.53971}}",10
2025-03-28 06:54:00,Fire,8.779151,78.123425,8.773864,78.121775,Wet,Gridlock,1,False,TL_336,53,Snow,"{""route1"": {""lat"": 12.923149, ""lon"": 77.584648}}",21
2025-03-27 11:42:00,Ambulance,8.766774,78.131722,8.762889,78.128351,Construction,Gridlock,15,False,TL_145,21,Fog,"{""route1"": {""lat"": 12.971666, ""lon"": 77.685475}}",15
2025-03-28 02:45:00,Police,8.760658,78.138358,8.753022,78.122821,Wet,Medium,3,True,TL_408,25,Fog,"{""route1"": {""lat"": 12.998321, ""lon"": 77.691325}}",35
2025-03-28 01:35:00,Ambulance,8.777351,78.148959,8.769359,78.140474,Dry,Medium,16,False,TL_392,30,Snow,"{""route1"": {""lat"": 12.977703, ""lon"": 77.543453}}",32
2025-03-28 05:41:00,Fire,8.77329,78.149831,8.759459,78.123552,Wet,Low,4,True,TL_305,21,Rain,"{""route1"": {""lat"": 12.997634, ""lon"": 77.578537}}",29
2025-03-27 17:48:00,Fire,8.754708,78.137922,8.769867,78.141605,Accident,Low,4,True,TL_357,50,Sunny,"{""route1"": {""lat"": 12.94943, ""lon"": 77.502356}}",42
2025-03-28 03:12:00,Police,8.754714,78.131781,8.760524,78.127265,Dry,Gridlock,28,True,TL_339,76,Rain,"{""route1"": {""lat"": 12.994667, ""lon"": 77.630491}}",60
2025-03-28 02:50:00,Fire,8.765249,78.12629,8.761776,78.136964,Dry,Low,18,True,TL_297,71,Snow,"{""route1"": {""lat"": 12.976949, ""lon"": 77.517199}}",28
2025-03-27 21:58:00,Police,8.757632,78.14975,8.75212,78.134932,Construction,Gridlock,21,False,TL_295,22,Sunny,"{""route1"": {""lat"": 12.960913, ""lon"": 77.613314}}",6
2025-03-27 12:16:00,Police,8.757567,78.129494,8.760942,78.136099,Wet,Low,2,False,TL_419,75,Rain,"{""route1"": {""lat"": 12.951076, ""lon"": 77.513364}}",14
2025-03-28 06:41:00,Ambulance,8.771945,78.12151,8.753935,78.146016,Accident,Low,14,False,TL_402,27,Sunny,"{""route1"": {""lat"": 12.965914, ""lon"": 77.534691}}",38
2025-03-27 19:04:00,Fire,8.762586,78.128336,8.776973,78.131689,Accident,Gridlock,26,False,TL_354,26,Fog,"{""route1"": {""lat"": 12.98942, ""lon"": 77.662067}}",7
2025-03-27 14:40:00,Fire,8.777038,78.142827,8.768346,78.137645,Dry,Low,12,True,TL_406,35,Sunny,"{""route1"": {""lat"": 12.902713, ""lon"": 77.583017}}",19
2025-03-28 01:05:00,Ambulance,8.762812,78.142646,8.766715,78.121861,Wet,Low,8,True,TL_317,52,Snow,"{""route1"": {""lat"": 12.939888, ""lon"": 77.567931}}",33
2025-03-27 14:39:00,Ambulance,8.755884,78.147468,8.768441,78.146024,Dry,Medium,17,False,TL_472,32,Sunny,"{""route1"": {""lat"": 12.908271, ""lon"": 77.651488}}",9
2025-03-28 00:09:00,Police,8.754002,78.127643,8.771285,78.127321,Wet,Medium,14,False,TL_392,45,Rain,"{""route1"": {""lat"": 12.918309, ""lon"": 77.571447}}",25
2025-03-27 14:08:00,Police,8.778109,78.121301,8.766159,78.149367,Wet,Medium,27,True,TL_106,25,Snow,"{""route1"": {""lat"": 12.920659, ""lon"": 77.514183}}",45
2025-03-28 06:24:00,Police,8.767116,78.121302,8.77669,78.122608,Accident,Gridlock,30,False,TL_482,52,Fog,"{""route1"": {""lat"": 12.994528, ""lon"": 77.645716}}",15
2025-03-27 17:10:00,Police,8.768662,78.141572,8.768399,78.132289,Construction,High,23,False,TL_382,80,Rain,"{""route1"": {""lat"": 12.963076, ""lon"": 77.61999}}",59
2025-03-27 23:50:00,Fire,8.759857,78.147485,8.776275,78.134895,Dry,Low,29,False,TL_298,28,Snow,"{""route1"": {""lat"": 12.994036, ""lon"": 77.638358}}",50
2025-03-27 16:14:00,Police,8.776917,78.147482,8.756093,78.132057,Accident,Gridlock,16,True,TL_376,27,Rain,"{""route1"": {""lat"": 12.966861, ""lon"": 77.561707}}",40
2025-03-28 07:29:00,Ambulance,8.750932,78.138761,8.768624,78.128841,Accident,Medium,14,False,TL_265,39,Snow,"{""route1"": {""lat"": 12.988113, ""lon"": 77.578031}}",7
2025-03-27 08:38:00,Ambulance,8.751856,78.127243,8.76591,78.133398,Wet,Low,11,True,TL_236,34,Snow,"{""route1"": {""lat"": 12.993249, ""lon"": 77.614966}}",44
2025-03-27 22:45:00,Ambulance,8.774725,78.129227,8.755243,78.135834,Accident,Low,13,False,TL_118,26,Rain,"{""route1"": {""lat"": 12.953594, ""lon"": 77.637917}}",30
2025-03-27 23:51:00,Ambulance,8.760935,78.126756,8.757325,78.141715,Dry,High,15,True,TL_427,35,Fog,"{""route1"": {""lat"": 12.920177, ""lon"": 77.529772}}",53
2025-03-27 09:08:00,Ambulance,8.764255,78.137469,8.774398,78.121928,Wet,Low,20,True,TL_287,41,Fog,"{""route1"": {""lat"": 12.918033, ""lon"": 77.615151}}",42
2025-03-28 00:43:00,Police,8.777272,78.125274,8.761131,78.12417,Wet,Medium,23,False,TL_263,61,Rain,"{""route1"": {""lat"": 12.962234, ""lon"": 77.554007}}",54
2025-03-27 20:11:00,Ambulance,8.760529,78.12843,8.767014,78.126021,Construction,Medium,23,True,TL_119,68,Fog,"{""route1"": {""lat"": 12.978296, ""lon"": 77.65995}}",24
2025-03-28 07:45:00,Ambulance,8.772652,78.143103,8.764509,78.137551,Construction,Low,3,True,TL_367,50,Fog,"{""route1"": {""lat"": 12.935998, ""lon"": 77.572561}}",19
2025-03-27 14:22:00,Police,8.766925,78.139024,8.77657,78.146076,Accident,Low,26,False,TL_380,21,Rain,"{""route1"": {""lat"": 12.994575, ""lon"": 77.658127}}",35
2025-03-28 00:04:00,Ambulance,8.75657,78.142169,8.754232,78.139966,Construction,Low,24,True,TL_179,47,Rain,"{""route1"": {""lat"": 12.913161, ""lon"": 77.599887}}",38
2025-03-28 03:37:00,Fire,8.756357,78.127695,8.762873,78.12734,Dry,Gridlock,24,False,TL_140,57,Snow,"{""route1"": {""lat"": 12.900326, ""lon"": 77.578823}}",27
2025-03-27 14:04:00,Ambulance,8.760702,78.146707,8.776374,78.129844,Dry,High,1,True,TL_184,27,Sunny,"{""route1"": {""lat"": 12.985096, ""lon"": 77.664495}}",40
2025-03-27 10:59:00,Fire,8.755892,78.142117,8.758776,78.134665,Accident,Low,26,False,TL_321,61,Rain,"{""route1"": {""lat"": 12.945754, ""lon"": 77.500604}}",45
2025-03-28 06:23:00,Ambulance,8.760944,78.140861,8.772743,78.148187,Construction,Low,8,False,TL_298,69,Sunny,"{""route1"": {""lat"": 12.996842, ""lon"": 77.65838}}",7
2025-03-27 12:10:00,Fire,8.770657,78.128337,8.765937,78.139937,Construction,Medium,29,False,TL_223,21,Rain,"{""route1"": {""lat"": 12.929898, ""lon"": 77.612646}}",11
2025-03-28 01:41:00,Fire,8.770221,78.128477,8.77868,78.138189,Wet,Low,14,True,TL_494,43,Sunny,"{""route1"": {""lat"": 12.919204, ""lon"": 77.502827}}",28
2025-03-27 20:27:00,Police,8.777033,78.136806,8.764785,78.139694,Wet,Medium,14,True,TL_281,31,Fog,"{""route1"": {""lat"": 12.9003, ""lon"": 77.540469}}",52
2025-03-27 18:46:00,Fire,8.766967,78.128501,8.779031,78.127979,Construction,Gridlock,19,True,TL_473,23,Snow,"{""route1"": {""lat"": 12.913764, ""lon"": 77.663628}}",53
2025-03-27 16:31:00,Fire,8.759842,78.148174,8.77089,78.143389,Dry,High,19,True,TL_294,60,Sunny,"{""route1"": {""lat"": 12.923154, ""lon"": 77.561825}}",50
2025-03-27 19:26:00,Ambulance,8.771767,78.12346,8.75437,78.13366,Dry,Gridlock,25,True,TL_118,59,Snow,"{""route1"": {""lat"": 12.920527, ""lon"": 77.504205}}",52
2025-03-28 02:45:00,Police,8.771446,78.133681,8.759422,78.135251,Dry,High,10,False,TL_252,30,Sunny,"{""route1"": {""lat"": 12.915103, ""lon"": 77.606662}}",38
2025-03-28 01:13:00,Police,8.756667,78.140241,8.772947,78.131955,Construction,High,22,False,TL_172,39,Rain,"{""route1"": {""lat"": 12.998201, ""lon"": 77.508952}}",36
2025-03-28 04:03:00,Fire,8.760496,78.14121,8.764595,78.139126,Construction,Medium,0,True,TL_233,41,Fog,"{""route1"": {""lat"": 12.91045, ""lon"": 77.616386}}",39
2025-03-27 12:06:00,Fire,8.75537,78.125778,8.772074,78.145238,Accident,Gridlock,17,True,TL_472,79,Rain,"{""route1"": {""lat"": 12.941545, ""lon"": 77.51935}}",40
2025-03-27 10:56:00,Ambulance,8.769308,78.132067,8.758671,78.14912,Accident,Gridlock,1,True,TL_271,28,Fog,"{""route1"": {""lat"": 12.969252, ""lon"": 77.698635}}",7
2025-03-28 05:32:00,Police,8.774154,78.122411,8.75688,78.128358,Dry,Medium,24,False,TL_219,64,Fog,"{""route1"": {""lat"": 12.978453, ""lon"": 77.508663}}",5
2025-03-27 19:42:00,Police,8.752619,78.131243,8.779456,78.135957,Wet,Medium,26,True,TL_240,41,Sunny,"{""route1"": {""lat"": 12.953926, ""lon"": 77.630344}}",58
2025-03-28 02:21:00,Fire,8.760392,78.130619,8.757374,78.149547,Dry,Medium,30,True,TL_303,49,Fog,"{""route1"": {""lat"": 12.939731, ""lon"": 77.632153}}",9
2025-03-27 21:02:00,Fire,8.768618,78.134098,8.758102,78.149981,Dry,Medium,10,False,TL_104,42,Rain,"{""route1"": {""lat"": 12.966542, ""lon"": 77.538067}}",15
2025-03-28 03:25:00,Fire,8.772118,78.127682,8.779698,78.135556,Dry,Medium,6,False,TL_138,47,Sunny,"{""route1"": {""lat"": 12.987493, ""lon"": 77.53348}}",5
2025-03-28 03:55:00,Fire,8.779397,78.13745,8.752295,78.137677,Construction,Medium,2,True,TL_257,29,Fog,"{""route1"": {""lat"": 12.931057, ""lon"": 77.603603}}",48
2025-03-27 13:58:00,Ambulance,8.76567,78.136805,8.75287,78.123868,Accident,Low,19,True,TL_439,36,Rain,"{""route1"": {""lat"": 12.977954, ""lon"": 77.550039}}",50
2025-03-28 05:12:00,Fire,8.779471,78.141584,8.768383,78.124827,Accident,Low,5,True,TL_353,78,Rain,"{""route1"": {""lat"": 12.988286, ""lon"": 77.682368}}",57
2025-03-27 18:29:00,Police,8.776713,78.147475,8.766848,78.137025,Accident,Medium,6,True,TL_116,46,Snow,"{""route1"": {""lat"": 12.929582, ""lon"": 77.501522}}",38
2025-03-27 17:02:00,Ambulance,8.779127,78.121888,8.757377,78.139386,Construction,Low,7,True,TL_347,23,Rain,"{""route1"": {""lat"": 12.945148, ""lon"": 77.632959}}",27
2025-03-28 04:22:00,Police,8.769512,78.13722,8.76541,78.139547,Wet,Gridlock,28,False,TL_370,62,Sunny,"{""route1"": {""lat"": 12.997721, ""lon"": 77.663433}}",6
2025-03-27 18:15:00,Fire,8.761195,78.144443,8.778897,78.121877,Construction,High,7,False,TL_400,24,Rain,"{""route1"": {""lat"": 12.929793, ""lon"": 77.635304}}",54
2025-03-27 08:31:00,Ambulance,8.778486,78.126719,8.760436,78.139073,Wet,Gridlock,27,True,TL_195,68,Fog,"{""route1"": {""lat"": 12.968927, ""lon"": 77.549816}}",54
2025-03-27 14:33:00,Fire,8.751563,78.148805,8.773558,78.138995,Wet,Low,0,False,TL_154,73,Rain,"{""route1"": {""lat"": 12.924106, ""lon"": 77.649443}}",17
2025-03-27 15:15:00,Ambulance,8.766132,78.139878,8.753891,78.122787,Wet,Medium,19,True,TL_280,30,Snow,"{""route1"": {""lat"": 12.959063, ""lon"": 77.664392}}",35
2025-03-27 15:22:00,Police,8.779124,78.121821,8.778333,78.143518,Construction,High,16,True,TL_166,71,Snow,"{""route1"": {""lat"": 12.904609, ""lon"": 77.546267}}",44
2025-03-27 23:46:00,Fire,8.761428,78.144484,8.76862,78.130913,Wet,Low,21,True,TL_490,65,Fog,"{""route1"": {""lat"": 12.968882, ""lon"": 77.59528}}",30
2025-03-27 09:25:00,Fire,8.7684,78.147877,8.775679,78.13373,Dry,Gridlock,20,False,TL_432,42,Snow,"{""route1"": {""lat"": 12.971103, ""lon"": 77.614126}}",53
2025-03-27 20:35:00,Ambulance,8.751815,78.135028,8.771484,78.140887,Dry,Gridlock,1,False,TL_213,27,Fog,"{""route1"": {""lat"": 12.988594, ""lon"": 77.520572}}",41
2025-03-27 20:26:00,Ambulance,8.758308,78.149827,8.752004,78.134208,Wet,Medium,25,True,TL_374,25,Fog,"{""route1"": {""lat"": 12.966831, ""lon"": 77.578072}}",47
2025-03-28 02:42:00,Ambulance,8.762297,78.149229,8.775763,78.129317,Accident,Medium,1,False,TL_261,44,Snow,"{""route1"": {""lat"": 12.920439, ""lon"": 77.538708}}",49
2025-03-27 21:15:00,Police,8.767692,78.1272,8.774876,78.130349,Dry,Gridlock,21,False,TL_125,70,Sunny,"{""route1"": {""lat"": 12.917642, ""lon"": 77.54923}}",9
2025-03-27 11:11:00,Fire,8.757666,78.144385,8.764974,78.130286,Accident,High,1,False,TL_228,60,Fog,"{""route1"": {""lat"": 12.998941, ""lon"": 77.6144}}",26
2025-03-27 10:10:00,Fire,8.774807,78.145357,8.766612,78.145071,Construction,Low,24,False,TL_215,44,Rain,"{""route1"": {""lat"": 12.992671, ""lon"": 77.606808}}",59
2025-03-27 19:05:00,Police,8.779671,78.131441,8.7638,78.129023,Accident,Medium,17,False,TL_305,51,Sunny,"{""route1"": {""lat"": 12.942853, ""lon"": 77.652087}}",21
2025-03-27 20:29:00,Police,8.750136,78.137549,8.774756,78.132161,Wet,Medium,12,True,TL_339,32,Rain,"{""route1"": {""lat"": 12.934013, ""lon"": 77.525325}}",56
2025-03-28 03:37:00,Ambulance,8.760724,78.128586,8.774366,78.122401,Construction,High,6,False,TL_445,36,Snow,"{""route1"": {""lat"": 12.941272, ""lon"": 77.515543}}",8
2025-03-27 12:59:00,Fire,8.773901,78.146123,8.761905,78.121689,Construction,High,11,True,TL_266,42,Snow,"{""route1"": {""lat"": 12.986675, ""lon"": 77.675741}}",19
2025-03-27 14:37:00,Fire,8.767494,78.124127,8.757507,78.125616,Dry,High,4,False,TL_314,77,Rain,"{""route1"": {""lat"": 12.920074, ""lon"": 77.503513}}",34
2025-03-27 08:37:00,Police,8.75728,78.122555,8.765827,78.132893,Dry,Low,24,True,TL_484,71,Snow,"{""route1"": {""lat"": 12.985939, ""lon"": 77.630184}}",54
2025-03-28 01:34:00,Police,8.770931,78.124472,8.751198,78.142163,Construction,Gridlock,24,False,TL_422,23,Fog,"{""route1"": {""lat"": 12.999795, ""lon"": 77.586047}}",44
2025-03-27 18:46:00,Ambulance,8.770607,78.130614,8.754315,78.141924,Dry,Low,14,False,TL_297,40,Snow,"{""route1"": {""lat"": 12.918307, ""lon"": 77.509177}}",58
2025-03-28 02:50:00,Police,8.752101,78.134718,8.76183,78.137022,Accident,Gridlock,3,False,TL_393,32,Fog,"{""route1"": {""lat"": 12.932023, ""lon"": 77.623271}}",15
2025-03-27 17:52:00,Fire,8.779164,78.149096,8.767387,78.13009,Construction,High,29,True,TL_116,60,Rain,"{""route1"": {""lat"": 12.962072, ""lon"": 77.591355}}",23
2025-03-27 17:41:00,Police,8.750671,78.121963,8.768535,78.149539,Construction,Low,2,True,TL_254,58,Rain,"{""route1"": {""lat"": 12.948334, ""lon"": 77.581984}}",51
2025-03-27 10:04:00,Fire,8.764185,78.125274,8.772412,78.134244,Dry,Gridlock,16,True,TL_135,31,Sunny,"{""route1"": {""lat"": 12.990812, ""lon"": 77.520284}}",21
2025-03-27 21:08:00,Ambulance,8.755087,78.14324,8.766801,78.146408,Wet,High,29,False,TL_338,51,Snow,"{""route1"": {""lat"": 12.92279, ""lon"": 77.685634}}",21
2025-03-27 17:45:00,Police,8.763115,78.137919,8.764562,78.141554,Accident,Medium,4,False,TL_257,59,Snow,"{""route1"": {""lat"": 12.955291, ""lon"": 77.644626}}",52
2025-03-28 06:32:00,Ambulance,8.770436,78.120392,8.772498,78.140235,Accident,High,11,True,TL_411,74,Fog,"{""route1"": {""lat"": 12.991323, ""lon"": 77.635535}}",37
2025-03-27 15:54:00,Fire,8.75574,78.140923,8.777154,78.12486,Wet,Gridlock,20,True,TL_137,43,Sunny,"{""route1"": {""lat"": 12.984979, ""lon"": 77.676805}}",52
2025-03-27 15:23:00,Police,8.77778,78.120978,8.750014,78.130114,Accident,High,28,False,TL_266,49,Rain,"{""route1"": {""lat"": 12.935053, ""lon"": 77.600765}}",8
2025-03-27 14:37:00,Police,8.751092,78.146871,8.770807,78.140152,Construction,Low,30,True,TL_230,52,Rain,"{""route1"": {""lat"": 12.942268, ""lon"": 77.544807}}",26
2025-03-27 18:29:00,Fire,8.779834,78.128483,8.767502,78.139117,Wet,Gridlock,16,True,TL_396,75,Snow,"{""route1"": {""lat"": 12.951113, ""lon"": 77.587507}}",5
2025-03-27 23:22:00,Ambulance,8.764034,78.129576,8.771448,78.120615,Wet,Low,28,True,TL_202,80,Rain,"{""route1"": {""lat"": 12.965658, ""lon"": 77.512767}}",31
2025-03-27 15:37:00,Fire,8.752232,78.138007,8.761143,78.147743,Construction,Gridlock,0,True,TL_172,53,Sunny,"{""route1"": {""lat"": 12.903903, ""lon"": 77.593638}}",16
2025-03-27 21:09:00,Ambulance,8.762153,78.129924,8.775323,78.141696,Wet,High,15,True,TL_218,24,Sunny,"{""route1"": {""lat"": 12.935931, ""lon"": 77.611956}}",18
2025-03-28 01:22:00,Police,8.764256,78.131859,8.76558,78.147261,Wet,High,2,False,TL_480,49,Sunny,"{""route1"": {""lat"": 12.989382, ""lon"": 77.587897}}",30
2025-03-27 11:17:00,Ambulance,8.770754,78.141153,8.772537,78.144773,Wet,High,16,True,TL_376,51,Snow,"{""route1"": {""lat"": 12.906958, ""lon"": 77.667359}}",56
2025-03-28 04:11:00,Police,8.756252,78.141186,8.77498,78.147327,Construction,Medium,0,True,TL_109,65,Sunny,"{""route1"": {""lat"": 12.994695, ""lon"": 77.541868}}",9
2025-03-27 19:53:00,Ambulance,8.754506,78.134599,8.759795,78.136276,Dry,Medium,17,True,TL_367,56,Rain,"{""route1"": {""lat"": 12.949638, ""lon"": 77.520703}}",13
2025-03-27 09:01:00,Ambulance,8.759699,78.145311,8.77059,78.135281,Wet,Gridlock,19,True,TL_347,63,Sunny,"{""route1"": {""lat"": 12.943357, ""lon"": 77.635138}}",43
2025-03-28 05:07:00,Police,8.767138,78.127674,8.76777,78.132329,Wet,Gridlock,2,True,TL_272,70,Sunny,"{""route1"": {""lat"": 12.973026, ""lon"": 77.6174}}",6
2025-03-27 08:14:00,Ambulance,8.760563,78.135175,8.764709,78.120794,Construction,High,29,True,TL_360,41,Snow,"{""route1"": {""lat"": 12.969242, ""lon"": 77.626791}}",47
2025-03-28 03:05:00,Police,8.774811,78.126276,8.774541,78.121901,Accident,High,13,True,TL_487,80,Fog,"{""route1"": {""lat"": 12.915995, ""lon"": 77.624996}}",38
2025-03-28 05:24:00,Ambulance,8.753208,78.127809,8.763851,78.126098,Accident,Low,17,False,TL_225,26,Sunny,"{""route1"": {""lat"": 12.985703, ""lon"": 77.693349}}",53
2025-03-28 04:46:00,Police,8.771448,78.1237,8.756054,78.13126,Dry,Low,28,False,TL_494,66,Sunny,"{""route1"": {""lat"": 12.992966, ""lon"": 77.623174}}",37
2025-03-27 10:32:00,Ambulance,8.768418,78.141192,8.755078,78.123391,Accident,Medium,26,True,TL_289,66,Snow,"{""route1"": {""lat"": 12.955749, ""lon"": 77.655311}}",56
2025-03-27 18:21:00,Fire,8.765941,78.121036,8.777401,78.131305,Wet,High,19,True,TL_391,57,Fog,"{""route1"": {""lat"": 12.917791, ""lon"": 77.508087}}",47
2025-03-28 06:21:00,Fire,8.766175,78.129561,8.767824,78.129618,Accident,High,11,False,TL_423,57,Rain,"{""route1"": {""lat"": 12.992183, ""lon"": 77.591838}}",16
2025-03-27 20:02:00,Police,8.775806,78.128533,8.771575,78.136999,Construction,Medium,27,False,TL_342,24,Fog,"{""route1"": {""lat"": 12.992891, ""lon"": 77.515165}}",44
2025-03-27 21:48:00,Fire,8.767227,78.125796,8.754237,78.139808,Dry,Gridlock,28,True,TL_349,72,Snow,"{""route1"": {""lat"": 12.987582, ""lon"": 77.668712}}",19
2025-03-27 18:47:00,Fire,8.763848,78.120014,8.761749,78.148552,Dry,Gridlock,3,False,TL_232,45,Rain,"{""route1"": {""lat"": 12.927079, ""lon"": 77.686109}}",19
2025-03-28 01:14:00,Police,8.754718,78.139025,8.759916,78.140894,Construction,Low,13,True,TL_112,62,Snow,"{""route1"": {""lat"": 12.963971, ""lon"": 77.65942}}",46
2025-03-27 16:50:00,Police,8.764255,78.14715,8.763821,78.134574,Dry,Low,25,True,TL_223,65,Rain,"{""route1"": {""lat"": 12.908365, ""lon"": 77.519522}}",42
2025-03-28 05:04:00,Fire,8.7532,78.129303,8.772747,78.146303,Construction,Medium,1,True,TL_320,34,Fog,"{""route1"": {""lat"": 12.912061, ""lon"": 77.535467}}",12
2025-03-27 20:28:00,Fire,8.762971,78.128218,8.766509,78.136103,Dry,Low,19,True,TL_283,54,Fog,"{""route1"": {""lat"": 12.916115, ""lon"": 77.528446}}",29
2025-03-28 03:59:00,Police,8.758672,78.143341,8.778321,78.148163,Construction,High,14,True,TL_432,74,Snow,"{""route1"": {""lat"": 12.920931, ""lon"": 77.608507}}",44
2025-03-27 17:28:00,Ambulance,8.752187,78.126698,8.761423,78.126446,Accident,Medium,1,True,TL_333,75,Sunny,"{""route1"": {""lat"": 12.936653, ""lon"": 77.652906}}",7
2025-03-28 01:15:00,Fire,8.779083,78.133298,8.758103,78.130043,Dry,Gridlock,10,False,TL_263,62,Fog,"{""route1"": {""lat"": 12.947041, ""lon"": 77.658557}}",27
2025-03-28 01:13:00,Police,8.77758,78.144416,8.752791,78.128776,Construction,Medium,24,False,TL_318,43,Sunny,"{""route1"": {""lat"": 12.951971, ""lon"": 77.690546}}",18
2025-03-27 13:05:00,Police,8.777055,78.135724,8.764379,78.130504,Construction,High,14,False,TL_190,36,Sunny,"{""route1"": {""lat"": 12.980198, ""lon"": 77.608271}}",49
2025-03-27 22:01:00,Fire,8.769939,78.145219,8.769863,78.130038,Dry,Gridlock,12,True,TL_342,51,Sunny,"{""route1"": {""lat"": 12.912413, ""lon"": 77.505347}}",54
2025-03-27 22:59:00,Police,8.771514,78.127666,8.771741,78.143935,Dry,Medium,4,False,TL_195,54,Sunny,"{""route1"": {""lat"": 12.907067, ""lon"": 77.663695}}",49
2025-03-27 18:57:00,Police,8.776649,78.137651,8.777901,78.133422,Accident,High,19,True,TL_325,67,Snow,"{""route1"": {""lat"": 12.911571, ""lon"": 77.597107}}",22
2025-03-27 18:26:00,Police,8.766512,78.127627,8.771273,78.147709,Construction,High,26,True,TL_218,60,Fog,"{""route1"": {""lat"": 12.984184, ""lon"": 77.528473}}",20
2025-03-27 22:19:00,Fire,8.762799,78.137722,8.777473,78.148781,Construction,High,22,True,TL_279,77,Rain,"{""route1"": {""lat"": 12.954346, ""lon"": 77.609336}}",36
2025-03-28 01:50:00,Fire,8.773997,78.125729,8.754193,78.129772,Dry,Medium,5,True,TL_431,41,Snow,"{""route1"": {""lat"": 12.919099, ""lon"": 77.609733}}",23
2025-03-27 08:13:00,Police,8.76463,78.130043,8.770331,78.142285,Wet,High,21,True,TL_124,70,Rain,"{""route1"": {""lat"": 12.968098, ""lon"": 77.661605}}",44
2025-03-27 21:56:00,Fire,8.772461,78.128844,8.764197,78.126242,Dry,Medium,20,True,TL_439,24,Rain,"{""route1"": {""lat"": 12.913716, ""lon"": 77.627292}}",46
2025-03-28 04:53:00,Fire,8.757793,78.140489,8.765046,78.121019,Dry,Gridlock,17,True,TL_422,62,Rain,"{""route1"": {""lat"": 12.928619, ""lon"": 77.585478}}",56
2025-03-27 15:04:00,Ambulance,8.769426,78.132072,8.759291,78.133452,Dry,Medium,27,True,TL_437,69,Sunny,"{""route1"": {""lat"": 12.952088, ""lon"": 77.59173}}",59
2025-03-27 08:28:00,Ambulance,8.776181,78.124707,8.770838,78.12487,Construction,Gridlock,9,True,TL_416,55,Snow,"{""route1"": {""lat"": 12.900519, ""lon"": 77.539585}}",48
2025-03-28 04:11:00,Ambulance,8.765897,78.14244,8.753876,78.145654,Accident,Low,26,False,TL_316,43,Rain,"{""route1"": {""lat"": 12.913048, ""lon"": 77.585886}}",19
2025-03-28 04:29:00,Police,8.755097,78.132631,8.761737,78.146765,Accident,Low,20,False,TL_172,59,Sunny,"{""route1"": {""lat"": 12.949477, ""lon"": 77.616974}}",41
2025-03-27 10:22:00,Police,8.758615,78.14298,8.758443,78.141632,Accident,Low,3,True,TL_350,53,Fog,"{""route1"": {""lat"": 12.911424, ""lon"": 77.625447}}",54
2025-03-28 03:38:00,Fire,8.765459,78.143732,8.761489,78.126726,Construction,Low,22,True,TL_346,25,Sunny,"{""route1"": {""lat"": 12.96347, ""lon"": 77.617055}}",53
2025-03-27 13:36:00,Fire,8.767947,78.134853,8.774341,78.148029,Dry,Gridlock,16,True,TL_221,66,Sunny,"{""route1"": {""lat"": 12.97119, ""lon"": 77.627055}}",49
2025-03-28 04:14:00,Police,8.779461,78.146618,8.755633,78.122199,Accident,Low,3,True,TL_304,58,Fog,"{""route1"": {""lat"": 12.922645, ""lon"": 77.635441}}",18
2025-03-27 16:42:00,Fire,8.77445,78.144872,8.778181,78.134553,Dry,Low,24,True,TL_195,38,Sunny,"{""route1"": {""lat"": 12.969935, ""lon"": 77.668297}}",28
2025-03-27 12:50:00,Fire,8.761222,78.146587,8.772526,78.121125,Accident,Low,10,False,TL_498,75,Snow,"{""route1"": {""lat"": 12.924596, ""lon"": 77.503596}}",38
2025-03-27 19:17:00,Fire,8.764224,78.142047,8.777136,78.128349,Dry,Medium,18,True,TL_357,69,Sunny,"{""route1"": {""lat"": 12.912894, ""lon"": 77.552671}}",14
2025-03-28 02:08:00,Police,8.756272,78.127673,8.768848,78.134245,Dry,Gridlock,27,False,TL_247,60,Rain,"{""route1"": {""lat"": 12.995571, ""lon"": 77.591448}}",44
2025-03-27 17:58:00,Police,8.779596,78.122342,8.768683,78.139232,Construction,Low,27,True,TL_104,32,Rain,"{""route1"": {""lat"": 12.98876, ""lon"": 77.575677}}",42
2025-03-28 06:48:00,Police,8.764126,78.126152,8.763016,78.132017,Dry,High,3,True,TL_455,65,Snow,"{""route1"": {""lat"": 12.975372, ""lon"": 77.575282}}",20
2025-03-27 18:22:00,Fire,8.768331,78.125879,8.751569,78.142598,Construction,Low,8,False,TL_378,72,Sunny,"{""route1"": {""lat"": 12.994369, ""lon"": 77.695209}}",50
2025-03-28 05:14:00,Police,8.771107,78.136573,8.755811,78.134756,Construction,Medium,22,True,TL_259,34,Rain,"{""route1"": {""lat"": 12.92435, ""lon"": 77.584495}}",56
2025-03-27 11:40:00,Fire,8.753453,78.14074,8.752242,78.131851,Construction,Medium,17,True,TL_247,30,Fog,"{""route1"": {""lat"": 12.947006, ""lon"": 77.638294}}",49
2025-03-28 02:00:00,Police,8.751294,78.132412,8.772772,78.134256,Accident,Low,24,True,TL_364,48,Fog,"{""route1"": {""lat"": 12.968715, ""lon"": 77.573264}}",5
2025-03-28 07:35:00,Fire,8.759036,78.126248,8.773954,78.148881,Dry,Gridlock,0,True,TL_216,25,Fog,"{""route1"": {""lat"": 12.980475, ""lon"": 77.521537}}",38
2025-03-27 16:24:00,Fire,8.761449,78.12761,8.769021,78.120332,Accident,High,27,True,TL_108,29,Fog,"{""route1"": {""lat"": 12.998441, ""lon"": 77.565134}}",26
2025-03-27 20:05:00,Police,8.768539,78.13159,8.756512,78.146532,Dry,Medium,26,True,TL_288,59,Snow,"{""route1"": {""lat"": 12.931174, ""lon"": 77.535496}}",56
2025-03-28 05:39:00,Fire,8.754532,78.136273,8.7619,78.12717,Dry,Gridlock,11,False,TL_328,38,Snow,"{""route1"": {""lat"": 12.93298, ""lon"": 77.584632}}",34
2025-03-27 21:59:00,Ambulance,8.760771,78.136333,8.770984,78.121834,Wet,Medium,6,True,TL_339,70,Snow,"{""route1"": {""lat"": 12.925056, ""lon"": 77.617987}}",48
2025-03-28 06:47:00,Fire,8.765141,78.124984,8.764976,78.135626,Construction,Medium,2,False,TL_182,45,Fog,"{""route1"": {""lat"": 12.926797, ""lon"": 77.546752}}",12
2025-03-27 12:24:00,Ambulance,8.752786,78.14206,8.75081,78.149814,Construction,Medium,0,False,TL_347,63,Rain,"{""route1"": {""lat"": 12.908429, ""lon"": 77.537985}}",22
2025-03-27 11:16:00,Fire,8.757201,78.139192,8.752183,78.135337,Dry,Medium,30,True,TL_381,33,Snow,"{""route1"": {""lat"": 12.919403, ""lon"": 77.605924}}",36
2025-03-27 08:39:00,Fire,8.756067,78.142939,8.774864,78.13998,Construction,Gridlock,29,False,TL_164,55,Snow,"{""route1"": {""lat"": 12.933119, ""lon"": 77.666685}}",19
2025-03-27 22:47:00,Fire,8.779063,78.133325,8.772716,78.138245,Accident,Medium,18,True,TL_350,21,Fog,"{""route1"": {""lat"": 12.944258, ""lon"": 77.603855}}",36
2025-03-28 06:30:00,Fire,8.756594,78.145444,8.777058,78.148019,Dry,Low,29,False,TL_244,32,Sunny,"{""route1"": {""lat"": 12.909321, ""lon"": 77.666499}}",51
2025-03-27 12:12:00,Fire,8.76661,78.145378,8.752494,78.141348,Wet,Low,1,True,TL_351,20,Sunny,"{""route1"": {""lat"": 12.999098, ""lon"": 77.55938}}",25
2025-03-27 09:31:00,Ambulance,8.77975,78.149674,8.752469,78.123803,Construction,High,3,False,TL_256,71,Snow,"{""route1"": {""lat"": 12.921828, ""lon"": 77.628781}}",31
2025-03-28 01:00:00,Fire,8.765246,78.129624,8.767172,78.149266,Construction,High,11,False,TL_366,65,Snow,"{""route1"": {""lat"": 12.973961, ""lon"": 77.6422}}",8
2025-03-27 13:51:00,Ambulance,8.759904,78.125997,8.758529,78.134528,Wet,Medium,14,True,TL_287,76,Fog,"{""route1"": {""lat"": 12.949809, ""lon"": 77.562579}}",18
2025-03-27 22:04:00,Ambulance,8.751093,78.123979,8.760133,78.149333,Construction,High,18,True,TL_372,22,Sunny,"{""route1"": {""lat"": 12.906643, ""lon"": 77.538897}}",15
2025-03-28 02:52:00,Police,8.779069,78.145616,8.77173,78.14814,Wet,High,9,True,TL_196,30,Rain,"{""route1"": {""lat"": 12.930742, ""lon"": 77.655226}}",48
2025-03-27 08:22:00,Ambulance,8.760755,78.124511,8.75465,78.133911,Construction,High,18,False,TL_157,37,Sunny,"{""route1"": {""lat"": 12.927784, ""lon"": 77.508668}}",57
2025-03-27 13:20:00,Fire,8.755086,78.131562,8.777715,78.14916,Wet,High,21,False,TL_319,66,Fog,"{""route1"": {""lat"": 12.987712, ""lon"": 77.634454}}",18
2025-03-28 04:39:00,Ambulance,8.757691,78.130013,8.758692,78.136595,Dry,High,27,False,TL_471,36,Fog,"{""route1"": {""lat"": 12.910812, ""lon"": 77.527271}}",37
2025-03-27 14:54:00,Ambulance,8.76035,78.144629,8.75863,78.132234,Accident,Medium,17,True,TL_265,65,Rain,"{""route1"": {""lat"": 12.960788, ""lon"": 77.544077}}",55
2025-03-28 01:13:00,Police,8.778739,78.123489,8.754146,78.136504,Construction,High,11,False,TL_157,38,Rain,"{""route1"": {""lat"": 12.99546, ""lon"": 77.574373}}",27
2025-03-28 03:40:00,Ambulance,8.773088,78.143355,8.76627,78.130467,Accident,Low,1,True,TL_156,54,Rain,"{""route1"": {""lat"": 12.995504, ""lon"": 77.677898}}",38
2025-03-27 08:47:00,Police,8.770976,78.123131,8.761769,78.149611,Construction,Low,30,False,TL_228,46,Snow,"{""route1"": {""lat"": 12.923591, ""lon"": 77.588536}}",27
2025-03-27 09:14:00,Police,8.757299,78.120813,8.774185,78.138865,Accident,Medium,25,False,TL_288,29,Fog,"{""route1"": {""lat"": 12.944478, ""lon"": 77.593996}}",20
2025-03-28 02:50:00,Ambulance,8.767681,78.123143,8.778926,78.123738,Wet,Gridlock,0,False,TL_344,71,Snow,"{""route1"": {""lat"": 12.9184, ""lon"": 77.683791}}",8
2025-03-27 23:52:00,Ambulance,8.778217,78.129104,8.764008,78.121297,Wet,Low,6,False,TL_480,46,Snow,"{""route1"": {""lat"": 12.916041, ""lon"": 77.636428}}",37
2025-03-28 00:23:00,Fire,8.768196,78.124555,8.755848,78.126726,Dry,Medium,4,True,TL_445,51,Sunny,"{""route1"": {""lat"": 12.998577, ""lon"": 77.676849}}",43
2025-03-28 00:25:00,Fire,8.773586,78.127399,8.768336,78.124953,Wet,High,3,False,TL_390,78,Snow,"{""route1"": {""lat"": 12.980471, ""lon"": 77.538985}}",40
2025-03-27 08:31:00,Ambulance,8.759698,78.147749,8.76266,78.141831,Construction,Gridlock,30,False,TL_388,72,Sunny,"{""route1"": {""lat"": 12.915836, ""lon"": 77.540486}}",53
2025-03-28 04:17:00,Ambulance,8.770165,78.144571,8.764596,78.143008,Construction,High,1,False,TL_300,24,Snow,"{""route1"": {""lat"": 12.941873, ""lon"": 77.661403}}",48
2025-03-27 16:22:00,Ambulance,8.750817,78.13258,8.761598,78.14403,Wet,Gridlock,24,False,TL_146,36,Snow,"{""route1"": {""lat"": 12.918063, ""lon"": 77.522745}}",42
2025-03-27 10:21:00,Fire,8.770209,78.147763,8.761975,78.131124,Construction,Gridlock,21,True,TL_289,80,Fog,"{""route1"": {""lat"": 12.981194, ""lon"": 77.60367}}",59
2025-03-28 06:18:00,Police,8.779891,78.120357,8.762015,78.138392,Wet,Low,3,False,TL_270,29,Rain,"{""route1"": {""lat"": 12.986531, ""lon"": 77.565682}}",31
2025-03-27 20:44:00,Police,8.766388,78.123327,8.759996,78.144101,Wet,Low,6,True,TL_398,62,Rain,"{""route1"": {""lat"": 12.915984, ""lon"": 77.655789}}",43
2025-03-27 19:01:00,Police,8.76398,78.129765,8.773639,78.14387,Construction,Gridlock,7,False,TL_308,33,Rain,"{""route1"": {""lat"": 12.991714, ""lon"": 77.551947}}",19
2025-03-27 18:08:00,Fire,8.763289,78.145958,8.766124,78.139759,Dry,Medium,1,True,TL_300,38,Sunny,"{""route1"": {""lat"": 12.986724, ""lon"": 77.633118}}",37
2025-03-27 09:09:00,Police,8.769542,78.125262,8.765047,78.135131,Accident,Medium,30,False,TL_465,68,Rain,"{""route1"": {""lat"": 12.954797, ""lon"": 77.633329}}",56
2025-03-27 12:37:00,Ambulance,8.768593,78.120004,8.766687,78.124472,Construction,Low,1,False,TL_406,22,Fog,"{""route1"": {""lat"": 12.97793, ""lon"": 77.588133}}",41
2025-03-28 04:53:00,Ambulance,8.759423,78.121716,8.756979,78.128026,Accident,Gridlock,10,False,TL_386,77,Sunny,"{""route1"": {""lat"": 12.989765, ""lon"": 77.587125}}",30
2025-03-28 03:34:00,Ambulance,8.775754,78.123771,8.769097,78.140179,Wet,Gridlock,26,True,TL_233,59,Sunny,"{""route1"": {""lat"": 12.974181, ""lon"": 77.611264}}",9
2025-03-27 21:38:00,Fire,8.753679,78.14572,8.775189,78.131149,Wet,Medium,16,True,TL_220,29,Sunny,"{""route1"": {""lat"": 12.998129, ""lon"": 77.531524}}",39
2025-03-28 04:43:00,Police,8.764656,78.123849,8.758635,78.121357,Wet,Medium,17,False,TL_134,58,Snow,"{""route1"": {""lat"": 12.97309, ""lon"": 77.600036}}",54
2025-03-28 02:09:00,Police,8.778269,78.126896,8.766511,78.140444,Construction,High,16,False,TL_214,62,Fog,"{""route1"": {""lat"": 12.939299, ""lon"": 77.628366}}",17
2025-03-28 01:11:00,Fire,8.771111,78.131477,8.772009,78.131954,Wet,High,15,True,TL_421,68,Sunny,"{""route1"": {""lat"": 12.951556, ""lon"": 77.572358}}",32
2025-03-27 19:47:00,Ambulance,8.772047,78.12796,8.753719,78.134095,Construction,Low,0,True,TL_337,30,Fog,"{""route1"": {""lat"": 12.935076, ""lon"": 77.519354}}",7
2025-03-27 09:40:00,Ambulance,8.750932,78.13199,8.765801,78.144458,Construction,Low,30,True,TL_464,65,Snow,"{""route1"": {""lat"": 12.910093, ""lon"": 77.58995}}",18
2025-03-27 09:42:00,Ambulance,8.760401,78.132437,8.762446,78.13184,Construction,Gridlock,12,True,TL_441,79,Fog,"{""route1"": {""lat"": 12.961888, ""lon"": 77.595996}}",53
2025-03-27 09:13:00,Fire,8.756241,78.13495,8.750738,78.132448,Construction,High,29,True,TL_495,32,Fog,"{""route1"": {""lat"": 12.975102, ""lon"": 77.650981}}",31
2025-03-27 08:24:00,Fire,8.751264,78.124628,8.761693,78.144819,Accident,Gridlock,24,True,TL_176,49,Fog,"{""route1"": {""lat"": 12.938623, ""lon"": 77.573274}}",37
2025-03-27 21:54:00,Fire,8.774939,78.142827,8.765554,78.132107,Dry,Gridlock,14,False,TL_347,49,Fog,"{""route1"": {""lat"": 12.907228, ""lon"": 77.648201}}",59
2025-03-27 09:25:00,Ambulance,8.758714,78.149165,8.770678,78.148685,Construction,Low,11,True,TL_420,73,Snow,"{""route1"": {""lat"": 12.930709, ""lon"": 77.571449}}",6
2025-03-27 16:52:00,Police,8.762985,78.13981,8.754437,78.133802,Accident,Low,1,True,TL_393,73,Rain,"{""route1"": {""lat"": 12.955686, ""lon"": 77.668434}}",42
2025-03-27 22:50:00,Police,8.777276,78.133838,8.777444,78.130659,Dry,Medium,10,True,TL_245,26,Snow,"{""route1"": {""lat"": 12.987028, ""lon"": 77.609991}}",13
2025-03-27 17:02:00,Fire,8.753379,78.126208,8.754455,78.143784,Wet,High,13,True,TL_131,24,Sunny,"{""route1"": {""lat"": 12.972955, ""lon"": 77.599798}}",60
2025-03-28 07:00:00,Police,8.754789,78.140783,8.766633,78.148351,Accident,Gridlock,12,True,TL_289,22,Sunny,"{""route1"": {""lat"": 12.993972, ""lon"": 77.689085}}",9
2025-03-27 08:19:00,Police,8.761532,78.149539,8.756989,78.12519,Accident,Medium,27,False,TL_215,44,Rain,"{""route1"": {""lat"": 12.946911, ""lon"": 77.653863}}",22
2025-03-28 04:08:00,Police,8.771481,78.141944,8.778408,78.137622,Wet,Gridlock,25,False,TL_424,32,Fog,"{""route1"": {""lat"": 12.9055, ""lon"": 77.653221}}",31
2025-03-28 05:04:00,Police,8.763999,78.134705,8.7766,78.129539,Dry,High,22,False,TL_191,24,Snow,"{""route1"": {""lat"": 12.940318, ""lon"": 77.633962}}",55
2025-03-28 01:18:00,Police,8.753733,78.131676,8.766713,78.143323,Construction,Medium,19,False,TL_170,71,Sunny,"{""route1"": {""lat"": 12.921709, ""lon"": 77.658831}}",55
2025-03-28 06:16:00,Ambulance,8.777363,78.125751,8.770195,78.132648,Accident,Medium,2,False,TL_444,37,Snow,"{""route1"": {""lat"": 12.93019, ""lon"": 77.536902}}",60
2025-03-27 22:08:00,Fire,8.776958,78.139753,8.771201,78.121682,Construction,Low,13,True,TL_250,47,Rain,"{""route1"": {""lat"": 12.966071, ""lon"": 77.671196}}",46
2025-03-27 15:27:00,Police,8.767264,78.125969,8.771863,78.126695,Wet,High,24,False,TL_329,43,Rain,"{""route1"": {""lat"": 12.952013, ""lon"": 77.534563}}",26
2025-03-27 19:12:00,Ambulance,8.779663,78.133874,8.779064,78.135441,Wet,Low,26,False,TL_451,50,Sunny,"{""route1"": {""lat"": 12.936315, ""lon"": 77.54737}}",60
2025-03-28 06:37:00,Police,8.766254,78.145243,8.758129,78.12597,Accident,Medium,14,False,TL_356,62,Rain,"{""route1"": {""lat"": 12.908576, ""lon"": 77.602092}}",48
2025-03-27 16:12:00,Police,8.768305,78.137584,8.769462,78.123647,Construction,Gridlock,17,False,TL_204,38,Rain,"{""route1"": {""lat"": 12.935997, ""lon"": 77.562881}}",9
2025-03-27 16:41:00,Ambulance,8.751415,78.133044,8.765074,78.134925,Wet,Gridlock,18,True,TL_420,33,Rain,"{""route1"": {""lat"": 12.911507, ""lon"": 77.652142}}",7
2025-03-28 01:04:00,Police,8.773326,78.145345,8.752849,78.124349,Dry,High,24,False,TL_127,64,Rain,"{""route1"": {""lat"": 12.981887, ""lon"": 77.53629}}",12
2025-03-27 11:54:00,Ambulance,8.77689,78.1322,8.751103,78.134407,Dry,Medium,12,False,TL_204,25,Fog,"{""route1"": {""lat"": 12.982869, ""lon"": 77.618742}}",30
2025-03-27 16:52:00,Police,8.773148,78.131441,8.767295,78.141333,Dry,Medium,2,False,TL_238,40,Snow,"{""route1"": {""lat"": 12.944291, ""lon"": 77.559926}}",46
2025-03-28 05:59:00,Ambulance,8.76967,78.121844,8.751421,78.133905,Wet,Low,20,True,TL_428,40,Fog,"{""route1"": {""lat"": 12.950102, ""lon"": 77.640359}}",44
2025-03-28 03:25:00,Police,8.750096,78.144322,8.77549,78.131545,Accident,Gridlock,20,True,TL_352,27,Rain,"{""route1"": {""lat"": 12.994645, ""lon"": 77.565371}}",25
2025-03-27 13:59:00,Ambulance,8.776012,78.138987,8.776105,78.123959,Dry,High,20,False,TL_466,75,Snow,"{""route1"": {""lat"": 12.912855, ""lon"": 77.527538}}",9
2025-03-27 23:52:00,Police,8.760008,78.12309,8.771839,78.143451,Construction,Gridlock,25,False,TL_393,44,Snow,"{""route1"": {""lat"": 12.931632, ""lon"": 77.680614}}",51
2025-03-27 20:53:00,Ambulance,8.775221,78.144419,8.752936,78.13551,Dry,Gridlock,23,True,TL_315,80,Snow,"{""route1"": {""lat"": 12.933465, ""lon"": 77.586183}}",7
2025-03-28 07:01:00,Ambulance,8.765319,78.127079,8.751217,78.131959,Construction,High,19,False,TL_218,59,Sunny,"{""route1"": {""lat"": 12.905598, ""lon"": 77.664631}}",24
2025-03-27 10:55:00,Police,8.768739,78.143018,8.776425,78.128366,Accident,High,16,False,TL_114,34,Fog,"{""route1"": {""lat"": 12.999619, ""lon"": 77.631943}}",40
2025-03-27 11:59:00,Police,8.753546,78.126544,8.778889,78.146738,Wet,High,7,False,TL_443,35,Sunny,"{""route1"": {""lat"": 12.924438, ""lon"": 77.694379}}",23
2025-03-27 16:54:00,Police,8.774597,78.145559,8.778234,78.142069,Accident,Medium,9,True,TL_348,36,Rain,"{""route1"": {""lat"": 12.969685, ""lon"": 77.559406}}",5
2025-03-27 14:43:00,Fire,8.763282,78.149998,8.771141,78.143229,Dry,Gridlock,0,False,TL_308,24,Snow,"{""route1"": {""lat"": 12.994395, ""lon"": 77.672315}}",54
2025-03-27 18:01:00,Police,8.770656,78.129706,8.757937,78.127311,Construction,High,5,True,TL_293,76,Rain,"{""route1"": {""lat"": 12.952207, ""lon"": 77.620076}}",21
2025-03-27 08:43:00,Ambulance,8.766072,78.135598,8.770441,78.132615,Dry,Gridlock,8,False,TL_413,58,Snow,"{""route1"": {""lat"": 12.93977, ""lon"": 77.685425}}",58
2025-03-27 18:27:00,Police,8.77369,78.143322,8.766612,78.147609,Dry,Gridlock,21,False,TL_499,34,Sunny,"{""route1"": {""lat"": 12.989007, ""lon"": 77.508274}}",31
2025-03-27 14:41:00,Fire,8.769554,78.146313,8.763055,78.128181,Accident,High,9,False,TL_122,77,Snow,"{""route1"": {""lat"": 12.95468, ""lon"": 77.555041}}",29
2025-03-27 20:28:00,Fire,8.772194,78.144123,8.759279,78.12661,Dry,Medium,27,True,TL_236,58,Rain,"{""route1"": {""lat"": 12.964829, ""lon"": 77.657}}",17
2025-03-28 02:00:00,Fire,8.771132,78.135521,8.758041,78.136171,Wet,Gridlock,14,True,TL_353,69,Rain,"{""route1"": {""lat"": 12.907223, ""lon"": 77.59773}}",20
2025-03-27 20:54:00,Fire,8.771587,78.149607,8.777561,78.146395,Wet,Gridlock,10,True,TL_233,73,Fog,"{""route1"": {""lat"": 12.952024, ""lon"": 77.621977}}",52
2025-03-27 10:08:00,Police,8.777018,78.133445,8.773208,78.142142,Accident,High,11,True,TL_325,44,Fog,"{""route1"": {""lat"": 12.966111, ""lon"": 77.62263}}",25
2025-03-28 02:22:00,Fire,8.761238,78.126178,8.762102,78.123357,Construction,Low,13,True,TL_103,37,Fog,"{""route1"": {""lat"": 12.981548, ""lon"": 77.669404}}",49
2025-03-27 08:38:00,Police,8.768224,78.131734,8.774251,78.145926,Dry,Medium,11,True,TL_389,45,Sunny,"{""route1"": {""lat"": 12.959743, ""lon"": 77.620231}}",33
2025-03-28 06:27:00,Fire,8.773418,78.123296,8.774256,78.125025,Construction,Gridlock,21,True,TL_425,47,Snow,"{""route1"": {""lat"": 12.909289, ""lon"": 77.65008}}",20
2025-03-27 22:06:00,Ambulance,8.770258,78.143682,8.758796,78.145069,Construction,Low,25,True,TL_134,52,Sunny,"{""route1"": {""lat"": 12.934734, ""lon"": 77.692271}}",43
2025-03-28 00:13:00,Police,8.772213,78.139119,8.76632,78.129306,Wet,Gridlock,10,True,TL_467,21,Snow,"{""route1"": {""lat"": 12.921667, ""lon"": 77.63435}}",41
2025-03-27 21:03:00,Police,8.757306,78.136164,8.759457,78.146378,Dry,Gridlock,24,True,TL_305,65,Snow,"{""route1"": {""lat"": 12.922157, ""lon"": 77.582902}}",12
2025-03-27 13:04:00,Fire,8.772875,78.135034,8.766331,78.140935,Construction,Low,22,False,TL_107,20,Snow,"{""route1"": {""lat"": 12.992661, ""lon"": 77.503797}}",29
2025-03-27 10:27:00,Fire,8.768529,78.141138,8.776551,78.132168,Accident,Low,21,True,TL_341,80,Fog,"{""route1"": {""lat"": 12.927558, ""lon"": 77.64025}}",14
2025-03-27 18:28:00,Fire,8.76139,78.131487,8.767638,78.141364,Dry,Gridlock,29,False,TL_150,51,Snow,"{""route1"": {""lat"": 12.945413, ""lon"": 77.607938}}",16
2025-03-28 01:43:00,Police,8.777867,78.141752,8.760477,78.144339,Accident,High,15,True,TL_431,28,Fog,"{""route1"": {""lat"": 12.932932, ""lon"": 77.550484}}",27
2025-03-27 17:50:00,Fire,8.753857,78.120512,8.765757,78.145525,Wet,High,29,False,TL_456,40,Sunny,"{""route1"": {""lat"": 12.937701, ""lon"": 77.641896}}",26
2025-03-28 05:56:00,Fire,8.767125,78.14669,8.771249,78.12213,Dry,Gridlock,23,False,TL_424,71,Fog,"{""route1"": {""lat"": 12.971119, ""lon"": 77.660106}}",21
2025-03-27 23:16:00,Ambulance,8.77975,78.147898,8.77939,78.131319,Accident,Gridlock,30,False,TL_197,58,Rain,"{""route1"": {""lat"": 12.980545, ""lon"": 77.613099}}",59
2025-03-27 08:01:00,Fire,8.752192,78.145152,8.75003,78.128188,Wet,Low,20,False,TL_291,33,Rain,"{""route1"": {""lat"": 12.981341, ""lon"": 77.616223}}",34
2025-03-28 05:39:00,Fire,8.753597,78.148891,8.77507,78.14566,Construction,Medium,3,True,TL_101,28,Snow,"{""route1"": {""lat"": 12.948513, ""lon"": 77.67915}}",52
2025-03-27 12:35:00,Police,8.754856,78.121499,8.773977,78.129154,Dry,Gridlock,25,True,TL_339,31,Rain,"{""route1"": {""lat"": 12.992914, ""lon"": 77.521325}}",34
2025-03-27 10:08:00,Police,8.774952,78.147003,8.77075,78.141687,Construction,High,16,False,TL_353,69,Rain,"{""route1"": {""lat"": 12.980372, ""lon"": 77.643664}}",14
2025-03-27 09:22:00,Ambulance,8.761703,78.149413,8.754799,78.127778,Wet,Gridlock,15,False,TL_214,64,Fog,"{""route1"": {""lat"": 12.953329, ""lon"": 77.588562}}",28
2025-03-27 15:38:00,Police,8.774179,78.12701,8.776908,78.141738,Wet,Medium,1,True,TL_387,68,Sunny,"{""route1"": {""lat"": 12.921826, ""lon"": 77.558855}}",32
2025-03-27 22:31:00,Fire,8.750654,78.14106,8.764064,78.13562,Wet,Low,13,True,TL_223,61,Snow,"{""route1"": {""lat"": 12.989474, ""lon"": 77.528466}}",60
2025-03-27 21:31:00,Ambulance,8.765382,78.123691,8.771957,78.143376,Construction,Medium,4,True,TL_162,76,Sunny,"{""route1"": {""lat"": 12.919732, ""lon"": 77.565416}}",46
2025-03-27 18:20:00,Fire,8.763544,78.125479,8.774418,78.143403,Wet,Gridlock,12,False,TL_464,32,Fog,"{""route1"": {""lat"": 12.975438, ""lon"": 77.582657}}",24
2025-03-28 05:01:00,Police,8.771019,78.13502,8.759023,78.149379,Accident,Medium,6,False,TL_352,59,Fog,"{""route1"": {""lat"": 12.995321, ""lon"": 77.5275}}",44
2025-03-28 05:59:00,Ambulance,8.765798,78.135427,8.758655,78.13236,Wet,Low,0,False,TL_178,64,Sunny,"{""route1"": {""lat"": 12.905278, ""lon"": 77.520453}}",24
2025-03-27 17:21:00,Fire,8.765469,78.147073,8.754924,78.129322,Wet,Medium,29,False,TL_305,45,Sunny,"{""route1"": {""lat"": 12.926657, ""lon"": 77.615504}}",38
2025-03-27 22:16:00,Fire,8.758752,78.14059,8.750513,78.142738,Dry,Medium,24,False,TL_363,76,Snow,"{""route1"": {""lat"": 12.934369, ""lon"": 77.678565}}",50
2025-03-27 23:52:00,Fire,8.761401,78.121076,8.769723,78.139116,Wet,Medium,7,False,TL_307,74,Fog,"{""route1"": {""lat"": 12.946776, ""lon"": 77.518793}}",41
2025-03-27 22:52:00,Ambulance,8.753334,78.148918,8.764094,78.124005,Wet,High,8,True,TL_191,24,Rain,"{""route1"": {""lat"": 12.978237, ""lon"": 77.536567}}",25
2025-03-27 19:10:00,Police,8.757249,78.132669,8.761623,78.140698,Dry,Low,17,False,TL_161,66,Sunny,"{""route1"": {""lat"": 12.912481, ""lon"": 77.577558}}",47
2025-03-27 21:24:00,Police,8.753282,78.132355,8.76218,78.12815,Dry,High,22,False,TL_123,76,Snow,"{""route1"": {""lat"": 12.932661, ""lon"": 77.524868}}",57
2025-03-28 06:42:00,Ambulance,8.771605,78.146613,8.755559,78.129343,Wet,Low,11,False,TL_430,61,Snow,"{""route1"": {""lat"": 12.945151, ""lon"": 77.606184}}",16
2025-03-27 22:02:00,Ambulance,8.760353,78.134232,8.775572,78.130796,Dry,Low,27,True,TL_210,62,Sunny,"{""route1"": {""lat"": 12.996477, ""lon"": 77.551262}}",6
2025-03-27 11:02:00,Ambulance,8.761643,78.128986,8.767459,78.131995,Construction,High,21,False,TL_491,62,Sunny,"{""route1"": {""lat"": 12.964311, ""lon"": 77.61059}}",10
2025-03-27 15:18:00,Ambulance,8.774056,78.125605,8.752823,78.121935,Accident,Gridlock,17,True,TL_257,77,Fog,"{""route1"": {""lat"": 12.995319, ""lon"": 77.523716}}",51
2025-03-27 16:01:00,Ambulance,8.772764,78.132172,8.752137,78.148768,Dry,Low,23,False,TL_144,32,Rain,"{""route1"": {""lat"": 12.907801, ""lon"": 77.554764}}",15
2025-03-27 16:20:00,Police,8.753009,78.142901,8.774377,78.135557,Accident,Gridlock,7,True,TL_150,72,Rain,"{""route1"": {""lat"": 12.924202, ""lon"": 77.668136}}",54
2025-03-27 09:08:00,Police,8.77115,78.149736,8.774537,78.149625,Wet,High,30,False,TL_199,32,Rain,"{""route1"": {""lat"": 12.915227, ""lon"": 77.533606}}",13
2025-03-27 23:11:00,Fire,8.758407,78.142825,8.765643,78.143154,Construction,Low,25,True,TL_140,48,Fog,"{""route1"": {""lat"": 12.970166, ""lon"": 77.635099}}",45
2025-03-28 01:15:00,Police,8.778546,78.130553,8.755432,78.127721,Accident,Medium,14,False,TL_295,30,Sunny,"{""route1"": {""lat"": 12.942077, ""lon"": 77.611422}}",11
2025-03-27 08:36:00,Fire,8.779895,78.121977,8.760995,78.126761,Wet,Medium,20,False,TL_343,68,Rain,"{""route1"": {""lat"": 12.964677, ""lon"": 77.593496}}",54
2025-03-27 08:10:00,Fire,8.760219,78.12136,8.767465,78.138458,Wet,Low,21,False,TL_282,53,Fog,"{""route1"": {""lat"": 12.932729, ""lon"": 77.586676}}",41
2025-03-28 02:18:00,Police,8.775792,78.141922,8.750444,78.123342,Construction,Low,15,True,TL_329,26,Snow,"{""route1"": {""lat"": 12.916344, ""lon"": 77.654817}}",58
2025-03-27 09:08:00,Police,8.762565,78.141702,8.767969,78.139149,Construction,Medium,13,False,TL_108,67,Rain,"{""route1"": {""lat"": 12.994922, ""lon"": 77.696052}}",57
2025-03-28 07:51:00,Ambulance,8.778176,78.128553,8.750562,78.121203,Dry,Medium,6,True,TL_178,52,Rain,"{""route1"": {""lat"": 12.935178, ""lon"": 77.698715}}",14
2025-03-27 18:56:00,Fire,8.761193,78.13149,8.762837,78.14351,Dry,High,7,True,TL_396,24,Sunny,"{""route1"": {""lat"": 12.99891, ""lon"": 77.562124}}",53
2025-03-27 14:50:00,Fire,8.769326,78.139877,8.75336,78.12705,Wet,Gridlock,2,False,TL_245,59,Fog,"{""route1"": {""lat"": 12.962142, ""lon"": 77.587886}}",52
2025-03-27 12:27:00,Fire,8.778394,78.122877,8.775172,78.141117,Accident,Gridlock,13,True,TL_123,33,Fog,"{""route1"": {""lat"": 12.953402, ""lon"": 77.506237}}",21
2025-03-27 20:12:00,Ambulance,8.756797,78.14803,8.754825,78.124176,Dry,Low,9,True,TL_287,73,Rain,"{""route1"": {""lat"": 12.969584, ""lon"": 77.51718}}",26
2025-03-27 19:43:00,Fire,8.755793,78.142981,8.769712,78.136755,Accident,Medium,16,False,TL_472,39,Sunny,"{""route1"": {""lat"": 12.928945, ""lon"": 77.617226}}",38
2025-03-27 22:13:00,Ambulance,8.755211,78.148896,8.751265,78.127145,Construction,Gridlock,13,False,TL_219,48,Rain,"{""route1"": {""lat"": 12.954943, ""lon"": 77.548516}}",42
2025-03-27 09:34:00,Police,8.764867,78.141684,8.75954,78.147716,Accident,Medium,6,False,TL_259,39,Rain,"{""route1"": {""lat"": 12.995218, ""lon"": 77.587214}}",58
2025-03-28 06:18:00,Fire,8.775402,78.149176,8.761367,78.149534,Dry,Low,1,False,TL_314,60,Rain,"{""route1"": {""lat"": 12.929125, ""lon"": 77.696519}}",17
2025-03-28 03:28:00,Fire,8.769287,78.132767,8.778441,78.137565,Dry,High,8,True,TL_497,49,Rain,"{""route1"": {""lat"": 12.931584, ""lon"": 77.501481}}",30
2025-03-28 04:56:00,Ambulance,8.778444,78.127086,8.776044,78.146118,Wet,High,4,False,TL_493,41,Sunny,"{""route1"": {""lat"": 12.98862, ""lon"": 77.681378}}",15
2025-03-27 11:04:00,Fire,8.768981,78.144663,8.778608,78.122837,Wet,Low,10,True,TL_446,39,Sunny,"{""route1"": {""lat"": 12.951399, ""lon"": 77.541445}}",14
2025-03-27 22:28:00,Fire,8.752003,78.12265,8.778143,78.149305,Wet,Low,23,True,TL_498,28,Sunny,"{""route1"": {""lat"": 12.958372, ""lon"": 77.503787}}",36
2025-03-28 04:37:00,Ambulance,8.76547,78.129586,8.77828,78.129645,Wet,Medium,25,False,TL_242,47,Sunny,"{""route1"": {""lat"": 12.969705, ""lon"": 77.558734}}",19
2025-03-27 18:54:00,Police,8.774776,78.149561,8.778222,78.134815,Wet,Low,22,False,TL_442,47,Snow,"{""route1"": {""lat"": 12.947726, ""lon"": 77.564319}}",23
2025-03-27 14:58:00,Ambulance,8.767593,78.13464,8.768375,78.143701,Accident,Low,20,True,TL_217,27,Snow,"{""route1"": {""lat"": 12.977882, ""lon"": 77.676253}}",27
2025-03-27 17:57:00,Police,8.757764,78.145662,8.766511,78.135637,Construction,High,11,True,TL_167,57,Rain,"{""route1"": {""lat"": 12.98796, ""lon"": 77.607846}}",57
2025-03-28 00:57:00,Police,8.755709,78.145688,8.759888,78.131883,Dry,Low,28,True,TL_253,31,Fog,"{""route1"": {""lat"": 12.932683, ""lon"": 77.629932}}",14
2025-03-27 15:47:00,Fire,8.751301,78.148907,8.75459,78.123093,Construction,Gridlock,19,False,TL_162,76,Fog,"{""route1"": {""lat"": 12.987046, ""lon"": 77.677718}}",15
2025-03-28 00:18:00,Fire,8.754423,78.133578,8.778961,78.141749,Construction,Gridlock,18,True,TL_447,63,Rain,"{""route1"": {""lat"": 12.995719, ""lon"": 77.642999}}",37
2025-03-27 19:33:00,Fire,8.767076,78.128317,8.776893,78.143935,Dry,High,2,True,TL_406,59,Fog,"{""route1"": {""lat"": 12.985485, ""lon"": 77.559435}}",50
2025-03-27 15:47:00,Ambulance,8.758458,78.143168,8.771581,78.133832,Accident,Medium,14,True,TL_341,35,Fog,"{""route1"": {""lat"": 12.903737, ""lon"": 77.513692}}",6
2025-03-28 02:10:00,Fire,8.762856,78.124111,8.759069,78.136888,Accident,Low,16,True,TL_189,44,Sunny,"{""route1"": {""lat"": 12.931416, ""lon"": 77.64331}}",7
2025-03-27 18:50:00,Police,8.778842,78.140001,8.776453,78.135118,Accident,Low,6,True,TL_196,62,Fog,"{""route1"": {""lat"": 12.969084, ""lon"": 77.538397}}",39
2025-03-27 18:37:00,Police,8.753897,78.123706,8.773408,78.122853,Dry,Gridlock,28,False,TL_316,31,Sunny,"{""route1"": {""lat"": 12.90954, ""lon"": 77.665684}}",7
2025-03-27 15:34:00,Ambulance,8.754811,78.122678,8.765916,78.143936,Accident,Gridlock,5,True,TL_182,42,Fog,"{""route1"": {""lat"": 12.953335, ""lon"": 77.640377}}",55
2025-03-28 05:49:00,Police,8.758852,78.14197,8.752254,78.138968,Accident,Medium,25,False,TL_444,23,Snow,"{""route1"": {""lat"": 12.947157, ""lon"": 77.528936}}",9
2025-03-27 08:38:00,Police,8.755665,78.13198,8.764907,78.135512,Construction,High,3,False,TL_135,48,Rain,"{""route1"": {""lat"": 12.943376, ""lon"": 77.654833}}",33
2025-03-27 12:26:00,Police,8.767448,78.134242,8.771425,78.1405,Wet,Gridlock,29,False,TL_238,26,Snow,"{""route1"": {""lat"": 12.914965, ""lon"": 77.575348}}",5
2025-03-27 18:59:00,Fire,8.763635,78.122337,8.770404,78.147914,Construction,High,1,True,TL_257,43,Snow,"{""route1"": {""lat"": 12.937179, ""lon"": 77.541288}}",42
2025-03-28 06:59:00,Ambulance,8.763708,78.135265,8.776021,78.140961,Accident,Low,17,False,TL_203,40,Fog,"{""route1"": {""lat"": 12.982593, ""lon"": 77.626628}}",38
2025-03-27 11:45:00,Fire,8.750359,78.141894,8.778429,78.124435,Wet,Medium,18,False,TL_424,75,Snow,"{""route1"": {""lat"": 12.947561, ""lon"": 77.666086}}",32
2025-03-27 15:34:00,Ambulance,8.753788,78.141906,8.754513,78.14483,Construction,Low,12,False,TL_258,50,Snow,"{""route1"": {""lat"": 12.933312, ""lon"": 77.517818}}",5
2025-03-28 06:52:00,Police,8.779259,78.141152,8.778039,78.126134,Wet,High,24,True,TL_314,29,Sunny,"{""route1"": {""lat"": 12.935913, ""lon"": 77.686812}}",42
2025-03-27 23:20:00,Police,8.754969,78.140747,8.75014,78.125894,Construction,Medium,13,False,TL_134,61,Fog,"{""route1"": {""lat"": 12.921783, ""lon"": 77.692907}}",50
2025-03-27 18:40:00,Police,8.759084,78.122213,8.76758,78.129475,Wet,Low,30,True,TL_458,78,Rain,"{""route1"": {""lat"": 12.919469, ""lon"": 77.691914}}",7
2025-03-27 18:55:00,Fire,8.751993,78.123362,8.779016,78.139969,Accident,Gridlock,18,True,TL_339,23,Sunny,"{""route1"": {""lat"": 12.994169, ""lon"": 77.60869}}",18
2025-03-27 11:49:00,Ambulance,8.751865,78.125024,8.779869,78.140118,Wet,Medium,5,False,TL_333,30,Fog,"{""route1"": {""lat"": 12.922887, ""lon"": 77.519832}}",41
2025-03-27 11:00:00,Police,8.752841,78.130889,8.774963,78.144932,Construction,Low,3,False,TL_412,64,Sunny,"{""route1"": {""lat"": 12.968393, ""lon"": 77.571446}}",25
2025-03-27 08:47:00,Police,8.778547,78.122608,8.772067,78.144094,Accident,High,2,True,TL_330,20,Sunny,"{""route1"": {""lat"": 12.982355, ""lon"": 77.587087}}",19
2025-03-27 23:32:00,Fire,8.763109,78.142081,8.756231,78.139722,Wet,Medium,4,False,TL_389,26,Fog,"{""route1"": {""lat"": 12.915483, ""lon"": 77.62377}}",35
2025-03-27 14:00:00,Police,8.761945,78.120674,8.758892,78.140463,Dry,Medium,20,True,TL_215,32,Fog,"{""route1"": {""lat"": 12.967407, ""lon"": 77.556898}}",41
2025-03-27 08:20:00,Police,8.764635,78.145433,8.760434,78.123583,Dry,Medium,28,True,TL_484,52,Sunny,"{""route1"": {""lat"": 12.990272, ""lon"": 77.549033}}",30
2025-03-28 00:00:00,Police,8.779965,78.138274,8.762351,78.140579,Dry,Gridlock,17,False,TL_414,27,Fog,"{""route1"": {""lat"": 12.900349, ""lon"": 77.604453}}",11
2025-03-27 16:53:00,Fire,8.769262,78.147306,8.775809,78.149907,Construction,Gridlock,29,True,TL_479,24,Snow,"{""route1"": {""lat"": 12.998831, ""lon"": 77.568578}}",42
2025-03-28 07:24:00,Police,8.760452,78.120005,8.773842,78.121681,Construction,Low,19,False,TL_240,80,Rain,"{""route1"": {""lat"": 12.959277, ""lon"": 77.572582}}",49
2025-03-27 22:14:00,Fire,8.767932,78.130024,8.769955,78.134157,Construction,Medium,11,False,TL_351,46,Fog,"{""route1"": {""lat"": 12.987407, ""lon"": 77.687793}}",52
2025-03-27 21:53:00,Ambulance,8.766253,78.13457,8.750928,78.121985,Construction,Low,12,True,TL_127,54,Rain,"{""route1"": {""lat"": 12.931203, ""lon"": 77.52949}}",38
2025-03-28 01:21:00,Fire,8.761434,78.147626,8.765765,78.120502,Dry,Gridlock,10,False,TL_342,40,Sunny,"{""route1"": {""lat"": 12.916624, ""lon"": 77.548044}}",31
2025-03-27 20:09:00,Police,8.759571,78.147653,8.775742,78.147921,Accident,Low,6,False,TL_244,58,Sunny,"{""route1"": {""lat"": 12.928968, ""lon"": 77.604162}}",53
2025-03-28 07:24:00,Ambulance,8.750909,78.138477,8.752816,78.141922,Construction,Gridlock,19,True,TL_491,59,Snow,"{""route1"": {""lat"": 12.955794, ""lon"": 77.632379}}",14
2025-03-27 19:49:00,Ambulance,8.754951,78.136897,8.764259,78.122875,Wet,Low,16,False,TL_451,23,Sunny,"{""route1"": {""lat"": 12.9495, ""lon"": 77.653304}}",58
2025-03-28 04:04:00,Ambulance,8.775995,78.148617,8.756918,78.135249,Wet,High,28,True,TL_290,25,Rain,"{""route1"": {""lat"": 12.933145, ""lon"": 77.637677}}",31
2025-03-28 07:50:00,Fire,8.758479,78.127676,8.750803,78.135973,Accident,Low,3,False,TL_271,43,Rain,"{""route1"": {""lat"": 12.910679, ""lon"": 77.622829}}",60
2025-03-27 14:24:00,Fire,8.757892,78.140027,8.756708,78.131108,Dry,Medium,5,False,TL_322,75,Snow,"{""route1"": {""lat"": 12.987779, ""lon"": 77.530228}}",43
2025-03-27 08:57:00,Ambulance,8.760691,78.123816,8.752341,78.125492,Accident,Medium,7,True,TL_203,23,Snow,"{""route1"": {""lat"": 12.942024, ""lon"": 77.693834}}",20
2025-03-27 08:31:00,Police,8.759525,78.135291,8.778478,78.130236,Accident,High,13,True,TL_360,51,Fog,"{""route1"": {""lat"": 12.968404, ""lon"": 77.691038}}",22
2025-03-27 16:13:00,Fire,8.778547,78.146107,8.771014,78.138814,Dry,Low,10,True,TL_131,33,Snow,"{""route1"": {""lat"": 12.969676, ""lon"": 77.5723}}",33
2025-03-27 08:04:00,Ambulance,8.776823,78.125578,8.776736,78.138368,Dry,Low,16,False,TL_470,57,Sunny,"{""route1"": {""lat"": 12.902682, ""lon"": 77.680083}}",8
2025-03-28 00:23:00,Police,8.764764,78.121421,8.757312,78.142763,Accident,Gridlock,5,False,TL_438,20,Rain,"{""route1"": {""lat"": 12.982463, ""lon"": 77.589166}}",59
2025-03-27 18:49:00,Fire,8.763445,78.147802,8.760756,78.129633,Accident,Low,8,True,TL_294,65,Fog,"{""route1"": {""lat"": 12.944693, ""lon"": 77.532363}}",21
2025-03-28 06:16:00,Fire,8.775363,78.142093,8.768018,78.135717,Dry,Medium,15,False,TL_471,60,Sunny,"{""route1"": {""lat"": 12.946518, ""lon"": 77.545147}}",6
2025-03-27 19:14:00,Police,8.768554,78.148702,8.755647,78.12945,Construction,Medium,26,False,TL_217,23,Snow,"{""route1"": {""lat"": 12.942423, ""lon"": 77.666551}}",9
2025-03-27 10:25:00,Fire,8.773674,78.12153,8.759027,78.144747,Construction,Medium,7,False,TL_415,80,Snow,"{""route1"": {""lat"": 12.908106, ""lon"": 77.547269}}",44
2025-03-27 20:03:00,Police,8.755882,78.140668,8.752994,78.149489,Construction,Medium,11,True,TL_354,47,Rain,"{""route1"": {""lat"": 12.942449, ""lon"": 77.65998}}",20
2025-03-27 19:01:00,Police,8.756875,78.130336,8.779617,78.139434,Wet,Medium,19,False,TL_268,45,Snow,"{""route1"": {""lat"": 12.957682, ""lon"": 77.527318}}",6
2025-03-27 09:42:00,Ambulance,8.752304,78.134167,8.779544,78.13853,Accident,High,24,True,TL_433,25,Snow,"{""route1"": {""lat"": 12.950013, ""lon"": 77.513676}}",15
2025-03-27 19:21:00,Police,8.754793,78.123844,8.768507,78.126244,Accident,Low,18,False,TL_286,33,Snow,"{""route1"": {""lat"": 12.965553, ""lon"": 77.5143}}",6
2025-03-27 16:21:00,Police,8.762715,78.145377,8.775816,78.128711,Wet,Low,26,False,TL_277,25,Snow,"{""route1"": {""lat"": 12.920764, ""lon"": 77.660798}}",42
2025-03-28 02:23:00,Ambulance,8.765489,78.140961,8.775919,78.140395,Wet,Medium,8,False,TL_108,21,Rain,"{""route1"": {""lat"": 12.937205, ""lon"": 77.659465}}",8
2025-03-27 11:22:00,Fire,8.770833,78.13109,8.761905,78.137126,Construction,Low,29,True,TL_280,50,Sunny,"{""route1"": {""lat"": 12.917507, ""lon"": 77.545139}}",19
2025-03-28 07:07:00,Ambulance,8.77761,78.143455,8.770266,78.124014,Wet,High,29,False,TL_126,25,Fog,"{""route1"": {""lat"": 12.943046, ""lon"": 77.682016}}",25
2025-03-27 13:03:00,Police,8.770892,78.134309,8.770374,78.146453,Dry,High,16,False,TL_169,41,Snow,"{""route1"": {""lat"": 12.970395, ""lon"": 77.524304}}",47
2025-03-27 08:43:00,Fire,8.759912,78.133619,8.767406,78.145743,Wet,Medium,7,True,TL_107,34,Sunny,"{""route1"": {""lat"": 12.976059, ""lon"": 77.694999}}",32
2025-03-27 15:40:00,Ambulance,8.760116,78.125616,8.773554,78.128656,Dry,Medium,12,False,TL_492,44,Snow,"{""route1"": {""lat"": 12.922734, ""lon"": 77.520665}}",18
2025-03-27 10:23:00,Ambulance,8.773962,78.133064,8.762684,78.133028,Construction,Medium,24,False,TL_151,24,Snow,"{""route1"": {""lat"": 12.949895, ""lon"": 77.531008}}",45
2025-03-27 21:52:00,Ambulance,8.755834,78.142527,8.754391,78.137525,Accident,High,25,True,TL_496,53,Snow,"{""route1"": {""lat"": 12.92341, ""lon"": 77.634075}}",21
2025-03-27 09:42:00,Ambulance,8.766637,78.147902,8.759722,78.145438,Construction,Gridlock,22,True,TL_354,52,Rain,"{""route1"": {""lat"": 12.946258, ""lon"": 77.599022}}",41
2025-03-28 01:25:00,Fire,8.777375,78.128533,8.750856,78.131722,Accident,Medium,24,True,TL_463,49,Fog,"{""route1"": {""lat"": 12.911774, ""lon"": 77.51154}}",42
2025-03-27 21:23:00,Ambulance,8.752969,78.135048,8.776598,78.149223,Accident,Medium,5,True,TL_269,53,Snow,"{""route1"": {""lat"": 12.907175, ""lon"": 77.562584}}",13
2025-03-27 13:32:00,Fire,8.776914,78.145374,8.765916,78.142802,Dry,Gridlock,12,True,TL_122,28,Fog,"{""route1"": {""lat"": 12.903204, ""lon"": 77.534361}}",40
2025-03-27 08:20:00,Police,8.757501,78.129538,8.769595,78.12752,Accident,Low,19,False,TL_430,66,Fog,"{""route1"": {""lat"": 12.930144, ""lon"": 77.595501}}",45
2025-03-27 21:22:00,Fire,8.772609,78.144629,8.750096,78.128977,Wet,Gridlock,22,True,TL_233,76,Sunny,"{""route1"": {""lat"": 12.945874, ""lon"": 77.696}}",24
2025-03-27 18:26:00,Ambulance,8.752018,78.124047,8.760298,78.121779,Construction,Gridlock,26,False,TL_218,58,Rain,"{""route1"": {""lat"": 12.98336, ""lon"": 77.525769}}",33
2025-03-28 00:16:00,Fire,8.773973,78.13088,8.762707,78.14131,Wet,High,18,True,TL_483,61,Sunny,"{""route1"": {""lat"": 12.917831, ""lon"": 77.686376}}",19
2025-03-28 01:30:00,Police,8.765678,78.144775,8.772262,78.125432,Construction,Medium,8,False,TL_331,21,Rain,"{""route1"": {""lat"": 12.964115, ""lon"": 77.58999}}",13
2025-03-28 06:28:00,Police,8.755138,78.140614,8.756203,78.140585,Accident,Medium,21,True,TL_289,42,Rain,"{""route1"": {""lat"": 12.90391, ""lon"": 77.568601}}",59
2025-03-28 03:04:00,Ambulance,8.764547,78.148077,8.769032,78.146356,Dry,Gridlock,3,False,TL_343,33,Rain,"{""route1"": {""lat"": 12.939776, ""lon"": 77.582117}}",25
2025-03-27 09:33:00,Ambulance,8.75637,78.148526,8.76132,78.14174,Accident,Low,17,False,TL_244,72,Snow,"{""route1"": {""lat"": 12.900293, ""lon"": 77.668955}}",5
2025-03-28 06:39:00,Police,8.761938,78.149323,8.764123,78.147083,Wet,Medium,22,False,TL_322,26,Fog,"{""route1"": {""lat"": 12.94421, ""lon"": 77.530721}}",9
2025-03-28 01:54:00,Ambulance,8.757005,78.12276,8.766899,78.126563,Accident,Medium,0,True,TL_342,30,Rain,"{""route1"": {""lat"": 12.949205, ""lon"": 77.656045}}",52
2025-03-27 18:00:00,Ambulance,8.76972,78.149638,8.767094,78.149827,Wet,High,13,True,TL_140,23,Rain,"{""route1"": {""lat"": 12.93517, ""lon"": 77.662456}}",31
2025-03-27 22:55:00,Fire,8.750822,78.130006,8.776632,78.12129,Construction,Low,27,False,TL_281,48,Rain,"{""route1"": {""lat"": 12.992669, ""lon"": 77.556093}}",39
2025-03-27 22:25:00,Ambulance,8.765583,78.141947,8.774154,78.1258,Wet,High,30,False,TL_388,20,Rain,"{""route1"": {""lat"": 12.930321, ""lon"": 77.672208}}",26
2025-03-28 04:35:00,Fire,8.768385,78.123895,8.776431,78.139008,Accident,Gridlock,3,True,TL_277,79,Snow,"{""route1"": {""lat"": 12.903587, ""lon"": 77.557744}}",60
2025-03-27 14:30:00,Ambulance,8.769388,78.124018,8.767809,78.132515,Construction,High,23,False,TL_499,56,Sunny,"{""route1"": {""lat"": 12.989577, ""lon"": 77.669992}}",7
2025-03-27 23:36:00,Ambulance,8.760894,78.129089,8.755437,78.145996,Accident,High,20,True,TL_205,66,Rain,"{""route1"": {""lat"": 12.976276, ""lon"": 77.63685}}",25
2025-03-27 21:59:00,Fire,8.761739,78.120767,8.754945,78.132928,Construction,Gridlock,3,False,TL_435,39,Sunny,"{""route1"": {""lat"": 12.97557, ""lon"": 77.631093}}",59
2025-03-27 19:17:00,Fire,8.770703,78.124299,8.769577,78.140306,Dry,Medium,26,False,TL_225,40,Sunny,"{""route1"": {""lat"": 12.98134, ""lon"": 77.611976}}",10
2025-03-28 01:21:00,Ambulance,8.773972,78.142727,8.766522,78.148715,Dry,Gridlock,7,False,TL_155,65,Fog,"{""route1"": {""lat"": 12.95074, ""lon"": 77.645498}}",39
2025-03-28 06:15:00,Ambulance,8.778103,78.126803,8.752519,78.140999,Wet,Medium,29,False,TL_432,36,Sunny,"{""route1"": {""lat"": 12.99631, ""lon"": 77.624451}}",13
2025-03-27 09:50:00,Police,8.773789,78.148267,8.753084,78.123339,Dry,High,24,True,TL_477,24,Fog,"{""route1"": {""lat"": 12.950455, ""lon"": 77.699058}}",16
2025-03-28 07:15:00,Ambulance,8.760798,78.127773,8.778928,78.132193,Accident,Medium,26,True,TL_289,43,Fog,"{""route1"": {""lat"": 12.978146, ""lon"": 77.570463}}",46
2025-03-27 22:53:00,Ambulance,8.757232,78.14576,8.774859,78.144026,Accident,Medium,30,True,TL_164,55,Sunny,"{""route1"": {""lat"": 12.943255, ""lon"": 77.606368}}",17
2025-03-27 16:55:00,Police,8.768967,78.126977,8.77022,78.147435,Wet,High,10,False,TL_495,43,Sunny,"{""route1"": {""lat"": 12.972464, ""lon"": 77.571785}}",43
2025-03-27 18:23:00,Ambulance,8.764275,78.133005,8.751538,78.133176,Construction,Low,10,False,TL_114,41,Sunny,"{""route1"": {""lat"": 12.903831, ""lon"": 77.598407}}",9
2025-03-28 07:06:00,Ambulance,8.757837,78.131943,8.768349,78.125879,Accident,Medium,4,False,TL_367,75,Sunny,"{""route1"": {""lat"": 12.945102, ""lon"": 77.574144}}",56
2025-03-27 20:03:00,Police,8.752904,78.142688,8.755957,78.133795,Accident,High,21,True,TL_226,40,Snow,"{""route1"": {""lat"": 12.948099, ""lon"": 77.685194}}",57
2025-03-28 05:44:00,Fire,8.776698,78.146086,8.77471,78.13942,Wet,High,22,False,TL_282,51,Sunny,"{""route1"": {""lat"": 12.916878, ""lon"": 77.622466}}",9
2025-03-27 10:09:00,Fire,8.766162,78.130846,8.763397,78.124703,Construction,High,23,False,TL_311,22,Rain,"{""route1"": {""lat"": 12.990767, ""lon"": 77.689588}}",46
2025-03-28 00:11:00,Police,8.765868,78.138864,8.775459,78.143452,Accident,Gridlock,9,True,TL_167,31,Fog,"{""route1"": {""lat"": 12.92489, ""lon"": 77.594389}}",34
2025-03-28 00:01:00,Ambulance,8.772353,78.12584,8.771734,78.132909,Dry,Medium,30,True,TL_498,60,Snow,"{""route1"": {""lat"": 12.971275, ""lon"": 77.51573}}",13
2025-03-27 15:35:00,Fire,8.750255,78.14417,8.77782,78.138014,Wet,Gridlock,12,True,TL_406,69,Snow,"{""route1"": {""lat"": 12.963384, ""lon"": 77.616119}}",45
2025-03-27 23:49:00,Ambulance,8.764512,78.121853,8.766466,78.129025,Construction,Low,23,True,TL_361,26,Snow,"{""route1"": {""lat"": 12.969334, ""lon"": 77.642042}}",42
2025-03-27 16:42:00,Police,8.767424,78.137859,8.777212,78.131388,Dry,Low,21,False,TL_256,28,Fog,"{""route1"": {""lat"": 12.924389, ""lon"": 77.653411}}",44
2025-03-28 05:33:00,Ambulance,8.769166,78.123098,8.777971,78.138443,Accident,High,7,False,TL_146,67,Rain,"{""route1"": {""lat"": 12.90981, ""lon"": 77.643839}}",10
2025-03-27 22:54:00,Fire,8.754897,78.123491,8.754043,78.146564,Construction,Gridlock,28,False,TL_380,67,Snow,"{""route1"": {""lat"": 12.926412, ""lon"": 77.615912}}",34
2025-03-27 11:19:00,Fire,8.765916,78.128285,8.752249,78.122757,Accident,Gridlock,13,False,TL_262,77,Sunny,"{""route1"": {""lat"": 12.94942, ""lon"": 77.667842}}",12
2025-03-27 10:23:00,Ambulance,8.757477,78.128512,8.763228,78.145954,Wet,Gridlock,12,True,TL_132,68,Snow,"{""route1"": {""lat"": 12.93536, ""lon"": 77.615181}}",46
2025-03-27 22:25:00,Fire,8.767261,78.130423,8.778839,78.135668,Dry,Low,29,False,TL_311,71,Sunny,"{""route1"": {""lat"": 12.995506, ""lon"": 77.644999}}",7
2025-03-27 22:54:00,Police,8.756229,78.128076,8.777922,78.135223,Wet,Low,9,False,TL_361,78,Snow,"{""route1"": {""lat"": 12.960605, ""lon"": 77.647075}}",35
2025-03-27 13:02:00,Fire,8.753902,78.135244,8.77209,78.139992,Dry,Gridlock,30,False,TL_291,75,Snow,"{""route1"": {""lat"": 12.968223, ""lon"": 77.537893}}",19
2025-03-27 11:29:00,Fire,8.76609,78.129731,8.765154,78.126626,Construction,Low,7,False,TL_378,66,Fog,"{""route1"": {""lat"": 12.943715, ""lon"": 77.605163}}",31
2025-03-27 16:14:00,Fire,8.766628,78.123528,8.778892,78.134003,Wet,Low,21,True,TL_385,38,Rain,"{""route1"": {""lat"": 12.966841, ""lon"": 77.517506}}",15
2025-03-27 10:52:00,Ambulance,8.760309,78.135695,8.762826,78.133486,Wet,Medium,2,True,TL_452,43,Snow,"{""route1"": {""lat"": 12.941871, ""lon"": 77.574163}}",25
2025-03-28 03:56:00,Ambulance,8.750045,78.135725,8.762746,78.126955,Accident,High,0,True,TL_414,69,Rain,"{""route1"": {""lat"": 12.984808, ""lon"": 77.623204}}",51
2025-03-28 01:29:00,Ambulance,8.776065,78.123892,8.754153,78.124384,Wet,Gridlock,25,True,TL_457,36,Rain,"{""route1"": {""lat"": 12.962049, ""lon"": 77.651869}}",60
2025-03-27 17:13:00,Police,8.774658,78.124271,8.777121,78.121685,Accident,High,28,True,TL_126,61,Snow,"{""route1"": {""lat"": 12.936073, ""lon"": 77.588674}}",14
2025-03-27 17:55:00,Ambulance,8.765652,78.125289,8.755719,78.134515,Wet,High,2,True,TL_195,47,Snow,"{""route1"": {""lat"": 12.912213, ""lon"": 77.685978}}",8
2025-03-28 05:05:00,Police,8.765462,78.14453,8.752247,78.144675,Wet,Gridlock,1,False,TL_372,71,Sunny,"{""route1"": {""lat"": 12.906707, ""lon"": 77.667274}}",56
2025-03-28 02:05:00,Police,8.7531,78.122891,8.772874,78.134195,Dry,Medium,21,True,TL_107,58,Snow,"{""route1"": {""lat"": 12.999316, ""lon"": 77.678626}}",60
2025-03-27 14:47:00,Ambulance,8.765431,78.13378,8.755293,78.142739,Wet,Low,5,False,TL_126,26,Sunny,"{""route1"": {""lat"": 12.959949, ""lon"": 77.68207}}",8
2025-03-28 04:49:00,Police,8.758392,78.134137,8.765643,78.128028,Wet,Low,24,False,TL_205,48,Fog,"{""route1"": {""lat"": 12.966433, ""lon"": 77.657611}}",20
2025-03-27 13:41:00,Police,8.762078,78.12375,8.76683,78.133024,Wet,Gridlock,2,False,TL_207,63,Snow,"{""route1"": {""lat"": 12.979628, ""lon"": 77.593731}}",27
2025-03-27 11:56:00,Police,8.772182,78.134212,8.771908,78.135404,Dry,Medium,4,False,TL_345,59,Fog,"{""route1"": {""lat"": 12.927633, ""lon"": 77.526314}}",8
2025-03-27 11:30:00,Ambulance,8.752493,78.138672,8.750954,78.122158,Wet,Low,6,False,TL_272,66,Fog,"{""route1"": {""lat"": 12.913864, ""lon"": 77.612417}}",40
2025-03-28 00:34:00,Fire,8.779807,78.130003,8.762822,78.131251,Wet,Medium,4,True,TL_235,62,Fog,"{""route1"": {""lat"": 12.954162, ""lon"": 77.689448}}",24
2025-03-28 00:53:00,Police,8.779366,78.127652,8.776552,78.138481,Wet,Low,22,True,TL_216,77,Fog,"{""route1"": {""lat"": 12.947222, ""lon"": 77.560145}}",49
2025-03-28 06:13:00,Ambulance,8.770513,78.121367,8.763585,78.135997,Accident,Gridlock,7,False,TL_314,59,Sunny,"{""route1"": {""lat"": 12.960982, ""lon"": 77.674892}}",48
2025-03-27 22:32:00,Ambulance,8.769698,78.1222,8.766468,78.142511,Accident,Gridlock,11,False,TL_172,61,Fog,"{""route1"": {""lat"": 12.925836, ""lon"": 77.631873}}",32