Timestamp,Latitude,Longitude,Vehicle_Count,Vehicle_Type,Direction,Speed_kmh,Density,Number_of_Lanes,Turn_Movement,Pedestrian_Crossing,Bicycle_Lane,Current_Signal_Phase,Cycle_Length,Phase_Split,Offset,Time_of_Day,Day_of_Week,Weather_Conditions,Special_Event,Historical_Vehicle_Count,Historical_Signal_Timing,Incident_Data
2024-03-12 09:17:00,8.76735,78.13425,12,Bus,West,14.928204722584823,1.4316788142549042,2,Right-Turn,Yes,Yes,Green,80,30,4,Evening,Friday,Snow,No,76,5,Road Closure
2024-09-05 13:45:00,8.76735,78.13425,16,Truck,South,19.762937089996267,0.7849023131406159,4,Right-Turn,Yes,No,Green,80,30,4,Afternoon,Friday,Clear,Yes,47,30,Accident
2024-06-24 20:17:00,8.76735,78.13425,48,Truck,East,43.09815029358547,1.0750926984978955,3,Right-Turn,No,No,Yellow,80,30,12,Afternoon,Friday,Snow,No,75,45,Accident
2024-12-27 01:18:00,8.76735,78.13425,26,Motorcycle,North,14.548456623714959,0.8744228685772835,1,Left-Turn,Yes,No,Yellow,80,45,14,Afternoon,Sunday,Clear,Yes,23,45,None
2024-04-01 22:12:00,8.76735,78.13425,31,Bus,South,11.291470873460236,0.6678669300868907,4,Left-Turn,No,Yes,Yellow,80,30,16,Evening,Tuesday,Fog,Yes,47,45,Road Closure
2024-11-15 08:24:00,8.76735,78.13425,19,Motorcycle,North,51.20029692853072,0.2778457106861556,3,Left-Turn,No,Yes,Yellow,80,30,0,Night,Wednesday,Snow,No,89,45,Accident
2024-02-18 10:54:00,8.76735,78.13425,25,Truck,South,13.947108592225629,0.5398893604441801,4,Left-Turn,No,No,Red,80,5,21,Evening,Tuesday,Rain,No,15,5,Accident
2024-12-04 23:07:00,8.76735,78.13425,50,Motorcycle,West,52.63302340537338,0.5070722078447166,2,Left-Turn,Yes,No,Red,80,30,21,Evening,Thursday,Fog,No,66,30,Accident
2024-10-24 08:57:00,8.76735,78.13425,15,Car,East,67.63542976023197,0.6574409349234047,3,Right-Turn,Yes,No,Green,80,45,25,Evening,Thursday,Fog,Yes,15,30,Accident
2024-11-02 09:10:00,8.76735,78.13425,13,Bus,East,13.153818841885728,0.579816085397727,4,Right-Turn,Yes,No,Red,80,5,28,Morning,Wednesday,Fog,Yes,40,5,Accident
2024-12-02 03:36:00,8.76735,78.13425,36,Motorcycle,South,19.52126069111821,0.9956244464016885,3,Through,Yes,Yes,Red,80,45,5,Afternoon,Tuesday,Clear,No,7,30,Road Closure
2024-10-13 20:28:00,8.76735,78.13425,45,Motorcycle,North,28.75716975304996,1.4073864253664485,3,Through,Yes,No,Red,80,30,24,Evening,Friday,Clear,No,19,45,Road Closure
2024-09-30 08:50:00,8.76735,78.13425,29,Motorcycle,West,40.6900958848847,1.0260395770960051,3,Left-Turn,No,Yes,Red,80,45,0,Evening,Sunday,Rain,No,26,45,None
2024-04-22 16:27:00,8.76735,78.13425,44,Bicycle,East,43.70217664032464,0.6461388599259644,2,Right-Turn,Yes,Yes,Green,80,45,28,Evening,Wednesday,Snow,Yes,90,5,Accident
2024-05-14 11:35:00,8.76735,78.13425,20,Motorcycle,South,13.127468361999899,0.9869835634137939,1,Through,No,No,Red,80,45,10,Evening,Monday,Fog,No,36,30,Accident
2024-06-29 19:03:00,8.76735,78.13425,5,Bicycle,South,64.21689592290377,0.24979442962116533,4,Right-Turn,Yes,No,Yellow,80,45,26,Afternoon,Thursday,Clear,No,56,30,Accident
2024-04-24 05:39:00,8.76735,78.13425,28,Motorcycle,East,76.37122989887021,1.151605730096051,1,Through,No,No,Red,80,45,5,Afternoon,Sunday,Clear,No,94,5,Road Closure
2024-07-12 18:55:00,8.76735,78.13425,33,Truck,South,68.38651295739211,1.3251879288791584,4,Through,No,No,Red,80,30,25,Night,Wednesday,Clear,No,7,45,None
2024-11-21 18:49:00,8.76735,78.13425,22,Truck,East,13.90919232292152,1.2735162995171487,3,Through,No,No,Green,80,5,28,Night,Friday,Snow,Yes,67,30,None
2024-01-23 10:24:00,8.76735,78.13425,37,Bus,South,77.90418635199788,0.6229822480704428,3,Left-Turn,Yes,No,Green,80,30,30,Morning,Saturday,Snow,No,68,30,None
2024-01-01 12:11:00,8.76735,78.13425,1,Car,West,37.17116725076316,0.818197751253881,4,Through,No,No,Yellow,80,45,15,Afternoon,Friday,Rain,Yes,11,30,None
2024-12-14 23:58:00,8.76735,78.13425,14,Bus,South,69.72023830045734,0.839673393360101,4,Right-Turn,No,Yes,Yellow,80,5,18,Afternoon,Tuesday,Clear,Yes,15,45,None
2024-04-30 13:01:00,8.76735,78.13425,41,Car,South,74.36394114047384,1.1843461196894258,3,Right-Turn,Yes,Yes,Green,80,30,11,Evening,Thursday,Fog,Yes,38,45,Road Closure
2024-09-20 13:29:00,8.76735,78.13425,2,Motorcycle,East,75.04913384131703,0.49097157268504943,2,Right-Turn,Yes,No,Green,80,45,30,Night,Sunday,Clear,Yes,81,30,None
2024-12-14 07:53:00,8.76735,78.13425,16,Car,East,20.48621976318657,0.38900874061335877,1,Left-Turn,No,Yes,Green,80,5,14,Night,Tuesday,Clear,Yes,10,30,None
2024-02-15 05:38:00,8.76735,78.13425,8,Bicycle,East,63.18388955592717,0.1507094459205053,1,Right-Turn,No,No,Red,80,45,11,Evening,Thursday,Fog,No,63,45,Accident
2024-07-09 23:53:00,8.76735,78.13425,26,Car,West,36.95006227645197,1.073380007538804,2,Through,No,No,Red,80,45,15,Morning,Tuesday,Rain,No,99,5,Road Closure
2024-02-15 05:52:00,8.76735,78.13425,31,Bicycle,East,28.425302330457814,0.7512257741541489,4,Through,Yes,No,Yellow,80,45,3,Evening,Thursday,Snow,No,56,30,None
2024-05-28 20:01:00,8.76735,78.13425,35,Bicycle,South,79.5670963815191,0.5198126639098926,1,Right-Turn,Yes,Yes,Yellow,80,30,19,Evening,Tuesday,Rain,No,54,30,None
2024-02-15 09:49:00,8.76735,78.13425,48,Bicycle,South,23.638929142125715,0.7659156763028312,3,Left-Turn,No,No,Yellow,80,45,24,Evening,Saturday,Snow,No,81,5,Accident
2024-04-25 15:34:00,8.76735,78.13425,40,Motorcycle,North,20.45847168210575,1.2883504859319974,1,Right-Turn,Yes,Yes,Red,80,5,1,Night,Tuesday,Snow,Yes,89,45,None
2024-10-21 00:40:00,8.76735,78.13425,46,Truck,West,35.59641731243133,0.8361083827949478,3,Right-Turn,Yes,No,Green,80,5,26,Evening,Friday,Fog,No,98,45,Road Closure
2024-08-07 08:50:00,8.76735,78.13425,2,Truck,East,22.27110055712252,1.3881348421120554,3,Right-Turn,No,No,Red,80,30,21,Night,Saturday,Rain,Yes,55,30,Accident
2024-10-06 06:59:00,8.76735,78.13425,19,Car,North,71.50216271703906,0.6414185130217696,4,Left-Turn,No,No,Red,80,45,28,Afternoon,Wednesday,Fog,No,20,5,None
2024-04-26 16:56:00,8.76735,78.13425,32,Truck,North,32.04653970574037,0.13702745724245727,1,Left-Turn,Yes,No,Yellow,80,45,12,Evening,Wednesday,Clear,No,25,45,Road Closure
2024-10-18 15:16:00,8.76735,78.13425,41,Car,West,71.54330244412887,1.335944873001853,4,Through,Yes,No,Red,80,30,9,Evening,Thursday,Snow,No,85,30,Accident
2024-09-03 03:13:00,8.76735,78.13425,15,Truck,North,46.06995212824587,1.082389333991825,3,Left-Turn,No,Yes,Yellow,80,45,13,Evening,Tuesday,Snow,No,63,30,Accident
2024-02-11 13:14:00,8.76735,78.13425,18,Truck,South,63.900008416644546,0.6468927249561165,3,Left-Turn,No,No,Yellow,80,30,3,Afternoon,Friday,Snow,No,86,45,None
2024-06-15 01:26:00,8.76735,78.13425,6,Bicycle,North,64.10649753382185,1.1026243918036145,2,Right-Turn,No,Yes,Green,80,30,26,Morning,Sunday,Clear,No,42,30,None
2024-07-14 02:30:00,8.76735,78.13425,7,Car,North,39.43646727572836,0.872957323257584,3,Left-Turn,Yes,No,Green,80,5,17,Evening,Saturday,Rain,No,73,45,None
2024-03-09 19:45:00,8.76735,78.13425,19,Bus,West,33.91922853461034,1.225558198928154,4,Left-Turn,Yes,Yes,Green,80,5,8,Evening,Saturday,Snow,No,84,45,Road Closure
2024-11-23 05:30:00,8.76735,78.13425,50,Bus,North,43.476846243648865,1.2627430341075168,3,Right-Turn,Yes,Yes,Red,80,45,17,Afternoon,Tuesday,Fog,No,35,30,Accident
2024-03-11 01:24:00,8.76735,78.13425,48,Bicycle,West,37.774035595536816,0.8505967977555138,2,Right-Turn,No,Yes,Red,80,45,20,Evening,Friday,Clear,Yes,96,45,Accident
2024-05-23 04:29:00,8.76735,78.13425,4,Truck,South,25.93377515574165,0.28417204749067726,4,Right-Turn,No,Yes,Red,80,5,4,Afternoon,Saturday,Snow,No,92,5,None
2024-05-04 22:43:00,8.76735,78.13425,45,Bicycle,East,35.807467834017764,0.3463235316862489,4,Left-Turn,Yes,Yes,Green,80,30,0,Night,Thursday,Rain,No,89,45,Road Closure
2024-10-11 08:37:00,8.76735,78.13425,29,Bicycle,North,59.60838449952385,0.41401487799025405,2,Left-Turn,Yes,No,Red,80,30,22,Morning,Sunday,Snow,Yes,85,5,Accident
2024-03-22 04:36:00,8.76735,78.13425,10,Bicycle,East,18.173334071724,1.14470620811553,3,Through,Yes,No,Yellow,80,5,17,Night,Sunday,Fog,Yes,98,45,Road Closure
2024-07-24 06:26:00,8.76735,78.13425,20,Motorcycle,South,19.68221077941401,1.004067896615147,3,Through,Yes,No,Red,80,45,12,Evening,Thursday,Snow,No,89,5,Road Closure
2024-08-16 17:29:00,8.76735,78.13425,35,Truck,North,64.97921621213902,1.12754005485963,4,Left-Turn,Yes,No,Yellow,80,5,8,Evening,Tuesday,Fog,Yes,26,5,Accident
2024-11-09 18:05:00,8.76735,78.13425,38,Bus,East,10.167643953440335,0.8590536565056043,2,Through,Yes,No,Green,80,5,14,Night,Wednesday,Snow,Yes,5,30,Accident
2024-10-08 12:14:00,8.76735,78.13425,27,Car,North,58.92758217165067,1.4475459979068388,1,Right-Turn,Yes,Yes,Red,80,45,16,Morning,Tuesday,Rain,No,7,45,Road Closure
2024-10-08 04:06:00,8.76735,78.13425,31,Motorcycle,West,54.07840949195386,0.8350703785236491,1,Right-Turn,Yes,No,Red,80,5,3,Afternoon,Monday,Rain,Yes,98,5,None
2024-08-18 02:16:00,8.76735,78.13425,4,Bus,South,76.71649449884453,0.22215523322892328,3,Left-Turn,No,Yes,Green,80,45,29,Evening,Thursday,Clear,Yes,24,30,None
2024-08-24 21:43:00,8.76735,78.13425,37,Truck,East,41.67965848209033,1.0075910177215808,2,Through,No,Yes,Green,80,30,17,Evening,Tuesday,Snow,Yes,58,30,None
2024-04-17 20:34:00,8.76735,78.13425,41,Bicycle,North,67.70358900379762,1.0740268854339579,1,Through,No,No,Red,80,30,7,Morning,Tuesday,Snow,No,23,5,None
2024-09-19 00:44:00,8.76735,78.13425,46,Bus,South,60.82577096948733,0.20323883988800118,2,Right-Turn,Yes,No,Red,80,45,7,Evening,Tuesday,Rain,Yes,9,45,None
2024-12-14 06:37:00,8.76735,78.13425,25,Motorcycle,North,76.13437723305296,0.2630240302809264,2,Left-Turn,No,No,Yellow,80,30,2,Morning,Friday,Clear,No,18,5,None
2024-12-02 05:14:00,8.76735,78.13425,1,Bicycle,North,46.215339380263295,1.1368732530468666,4,Left-Turn,Yes,No,Yellow,80,30,15,Morning,Sunday,Clear,No,41,5,Accident
2024-07-19 05:54:00,8.76735,78.13425,47,Car,North,50.58860559771418,0.4918566373981399,1,Through,No,Yes,Green,80,45,16,Evening,Sunday,Clear,Yes,20,45,Accident
2024-04-17 20:15:00,8.76735,78.13425,3,Motorcycle,South,30.738742729057265,0.5075725159640926,4,Through,No,Yes,Green,80,5,26,Night,Tuesday,Snow,No,63,45,Accident
2024-11-27 10:24:00,8.76735,78.13425,43,Bus,East,51.36892916996125,1.0948547534194648,1,Right-Turn,Yes,No,Green,80,5,3,Night,Sunday,Clear,Yes,54,45,Road Closure
2024-01-18 13:44:00,8.76735,78.13425,14,Truck,East,57.43616257708033,0.2946293727088585,2,Left-Turn,Yes,No,Green,80,5,22,Morning,Friday,Rain,No,30,30,Accident
2024-10-07 15:57:00,8.76735,78.13425,17,Truck,North,73.25107407860432,0.631499854995806,3,Left-Turn,No,Yes,Green,80,30,19,Night,Thursday,Snow,Yes,46,45,Road Closure
2024-06-30 07:25:00,8.76735,78.13425,33,Car,North,65.38357352629532,0.9329612994792602,4,Right-Turn,Yes,Yes,Yellow,80,45,15,Night,Saturday,Snow,Yes,73,45,None
2024-01-27 20:58:00,8.76735,78.13425,48,Truck,South,60.470232365630935,0.6138426357386634,4,Right-Turn,No,Yes,Yellow,80,5,24,Afternoon,Wednesday,Clear,Yes,30,30,Road Closure
2024-09-28 00:32:00,8.76735,78.13425,16,Truck,West,45.926938816923624,0.9555914310716407,1,Through,No,No,Red,80,30,27,Night,Wednesday,Fog,Yes,16,45,Road Closure
2024-12-04 09:39:00,8.76735,78.13425,36,Car,East,30.699513188962346,0.1614110586460809,3,Through,Yes,No,Red,80,5,27,Morning,Wednesday,Fog,No,43,5,Accident
2024-07-27 10:25:00,8.76735,78.13425,2,Motorcycle,North,34.517025135462,0.1524552993431657,2,Through,No,Yes,Red,80,5,7,Afternoon,Saturday,Rain,Yes,59,30,Road Closure
2024-07-04 08:53:00,8.76735,78.13425,39,Truck,North,42.76100876944811,0.8446041433455165,4,Left-Turn,No,No,Red,80,45,10,Afternoon,Thursday,Rain,Yes,91,30,Road Closure
2024-03-23 06:46:00,8.76735,78.13425,27,Bus,East,63.87303415425283,0.1641693916191003,4,Right-Turn,No,Yes,Yellow,80,5,15,Night,Sunday,Snow,Yes,77,30,Road Closure
2024-06-21 23:05:00,8.76735,78.13425,1,Truck,West,54.01842456775306,0.3367879186968208,2,Through,No,No,Red,80,45,9,Morning,Wednesday,Fog,No,95,45,Road Closure
2024-07-28 23:36:00,8.76735,78.13425,37,Bicycle,North,42.0662247755148,0.5972704604948924,2,Through,Yes,Yes,Red,80,45,28,Night,Tuesday,Rain,Yes,41,5,Accident
2024-07-03 10:58:00,8.76735,78.13425,28,Truck,East,33.46116095794963,0.8014894334281625,1,Right-Turn,Yes,Yes,Green,80,45,5,Night,Thursday,Snow,No,69,30,None
2024-04-22 04:28:00,8.76735,78.13425,48,Bicycle,South,59.38340699912464,0.5122209404031817,2,Left-Turn,No,Yes,Red,80,5,18,Morning,Sunday,Snow,No,15,5,Road Closure
2024-05-07 05:17:00,8.76735,78.13425,16,Car,North,71.27163238413773,0.76063624654813,2,Left-Turn,Yes,No,Red,80,30,27,Morning,Monday,Clear,No,53,5,Accident
2024-10-11 02:59:00,8.76735,78.13425,28,Bus,North,74.84092775689449,0.6875389196677072,3,Left-Turn,No,Yes,Green,80,45,22,Evening,Friday,Clear,No,59,5,Road Closure
2024-06-24 21:00:00,8.76735,78.13425,48,Motorcycle,South,60.485699507726586,0.2881638521594082,3,Right-Turn,No,No,Yellow,80,5,22,Night,Wednesday,Rain,No,53,45,None
2024-03-08 06:07:00,8.76735,78.13425,6,Truck,South,41.444251839287446,0.8450022965881825,4,Left-Turn,Yes,No,Red,80,30,22,Night,Tuesday,Rain,Yes,64,30,None
2024-01-15 01:07:00,8.76735,78.13425,1,Motorcycle,East,47.06295841311642,1.3513497510649493,2,Through,Yes,No,Yellow,80,45,30,Afternoon,Thursday,Rain,Yes,28,45,Accident
2024-10-12 14:13:00,8.76735,78.13425,36,Truck,North,53.37968775005885,1.433023691339878,2,Left-Turn,No,Yes,Red,80,45,11,Morning,Tuesday,Fog,Yes,26,5,Accident
2024-12-11 17:04:00,8.76735,78.13425,11,Bus,West,61.406467546174106,1.2659314001079338,3,Left-Turn,No,Yes,Red,80,30,16,Morning,Monday,Clear,Yes,70,5,None
2024-03-15 03:35:00,8.76735,78.13425,8,Truck,West,66.27606455102463,1.4902575679215284,4,Right-Turn,No,Yes,Green,80,5,24,Morning,Friday,Fog,No,80,30,None
2024-06-24 11:28:00,8.76735,78.13425,19,Truck,East,19.982973838741213,0.4353437456954402,2,Right-Turn,No,No,Yellow,80,30,28,Night,Monday,Fog,No,82,45,Accident
2024-11-04 19:43:00,8.76735,78.13425,15,Bicycle,West,57.021840175191734,0.6838186234672026,4,Left-Turn,No,Yes,Red,80,5,8,Evening,Friday,Fog,Yes,58,45,Road Closure
2024-11-06 21:54:00,8.76735,78.13425,24,Truck,North,51.166603673250684,1.476514962247272,2,Right-Turn,Yes,No,Yellow,80,30,9,Afternoon,Friday,Fog,Yes,8,5,Road Closure
2024-02-17 04:52:00,8.76735,78.13425,47,Car,West,34.49406728535624,0.8365443016015497,3,Left-Turn,Yes,Yes,Green,80,45,9,Morning,Monday,Rain,No,99,45,None
2024-10-31 20:17:00,8.76735,78.13425,46,Car,West,47.63741476475449,1.1029732026742853,4,Left-Turn,No,No,Red,80,45,14,Morning,Monday,Fog,Yes,41,30,Road Closure
2024-03-25 02:44:00,8.76735,78.13425,50,Bicycle,North,54.39103369203745,0.721848837123662,1,Through,Yes,No,Red,80,30,21,Morning,Tuesday,Rain,No,57,5,None
2024-06-12 19:51:00,8.76735,78.13425,7,Bus,West,70.34592183753193,0.5090717597425845,2,Right-Turn,No,Yes,Green,80,45,24,Evening,Wednesday,Clear,No,88,45,Accident
2024-08-10 03:58:00,8.76735,78.13425,9,Motorcycle,South,63.24707755300127,1.0086671448422262,4,Through,No,No,Red,80,45,8,Afternoon,Thursday,Clear,No,69,45,None
2024-07-11 15:51:00,8.76735,78.13425,22,Bicycle,West,54.90297514337122,0.8916782910443131,1,Through,No,No,Green,80,45,6,Evening,Sunday,Clear,Yes,17,30,Road Closure
2024-03-07 09:28:00,8.76735,78.13425,33,Motorcycle,South,43.24694923158739,1.0539586284109579,4,Through,No,No,Green,80,5,14,Morning,Sunday,Fog,No,81,30,None
2024-10-02 22:43:00,8.76735,78.13425,47,Bus,South,76.9173064595839,0.9183359717261798,2,Left-Turn,Yes,Yes,Green,80,30,7,Morning,Monday,Fog,No,74,45,None
2024-11-26 12:32:00,8.76735,78.13425,28,Car,East,50.26921338181639,0.9572689423143935,2,Through,No,Yes,Yellow,80,45,21,Evening,Monday,Clear,Yes,78,45,Road Closure
2024-10-02 16:56:00,8.76735,78.13425,47,Motorcycle,South,18.800903040531992,1.3040528100245241,3,Through,Yes,Yes,Green,80,45,7,Afternoon,Wednesday,Clear,No,68,5,Road Closure
2024-06-05 00:38:00,8.76735,78.13425,18,Motorcycle,West,47.38578206487179,1.0045317527740218,2,Left-Turn,No,Yes,Yellow,80,30,16,Night,Tuesday,Rain,Yes,35,45,Road Closure
2024-01-13 02:22:00,8.76735,78.13425,46,Motorcycle,South,65.93763865301337,1.110888868814791,4,Left-Turn,No,No,Green,80,45,28,Night,Thursday,Fog,Yes,50,5,Road Closure
2024-03-11 09:06:00,8.76735,78.13425,32,Bicycle,East,10.52518764075063,0.3930689602623215,1,Right-Turn,Yes,Yes,Yellow,80,5,8,Night,Thursday,Rain,Yes,34,30,Accident
2024-02-13 19:30:00,8.76735,78.13425,26,Motorcycle,West,72.93149672896409,1.0918579063430052,1,Through,No,No,Red,80,30,3,Afternoon,Monday,Snow,Yes,70,30,None
2024-11-25 20:56:00,8.76735,78.13425,14,Bicycle,North,29.20991004839242,0.9686344914913715,3,Through,Yes,No,Green,80,45,10,Night,Tuesday,Clear,Yes,75,45,None
2024-09-17 00:14:00,8.76735,78.13425,29,Bicycle,North,55.38079492110966,0.13537794348525584,3,Through,Yes,No,Green,80,45,27,Evening,Thursday,Snow,Yes,49,45,None
2024-11-04 02:31:00,8.76735,78.13425,23,Motorcycle,East,78.21302738966702,0.1442212523199681,3,Through,No,Yes,Red,80,5,26,Afternoon,Saturday,Rain,Yes,46,45,Road Closure
2024-09-02 20:10:00,8.76735,78.13425,41,Motorcycle,South,16.20344190428395,1.2591904606136348,3,Left-Turn,No,Yes,Yellow,80,45,6,Evening,Sunday,Rain,No,44,45,None
2024-06-16 20:03:00,8.76735,78.13425,34,Bus,West,65.98272872456778,0.4996386731667033,4,Left-Turn,Yes,No,Yellow,80,30,30,Afternoon,Friday,Fog,Yes,60,5,None
2024-07-01 05:57:00,8.76735,78.13425,28,Car,East,26.1650757936308,0.6454270250663465,2,Right-Turn,Yes,No,Red,80,30,12,Morning,Wednesday,Snow,Yes,68,30,None
2024-02-06 21:02:00,8.76735,78.13425,45,Bus,North,74.7647977035049,0.1805885184748439,1,Through,Yes,No,Yellow,80,45,27,Evening,Friday,Snow,No,41,30,None
2024-05-30 13:27:00,8.76735,78.13425,24,Truck,North,57.175190748043114,0.8157589632500548,4,Right-Turn,Yes,Yes,Yellow,80,30,24,Night,Thursday,Rain,Yes,35,5,Road Closure
2024-09-01 07:09:00,8.76735,78.13425,6,Truck,South,14.55822275319825,1.0399858463724534,1,Right-Turn,Yes,Yes,Red,80,5,11,Night,Wednesday,Clear,Yes,8,45,Road Closure
2024-05-03 21:31:00,8.76735,78.13425,35,Car,South,52.82211259964504,1.0967309343701772,4,Through,Yes,No,Yellow,80,45,30,Evening,Friday,Rain,No,46,5,Accident
2024-08-24 22:00:00,8.76735,78.13425,12,Bus,North,50.940517783990735,0.2847106306034868,3,Left-Turn,Yes,No,Red,80,30,18,Evening,Monday,Clear,No,85,30,Road Closure
2024-05-20 06:20:00,8.76735,78.13425,26,Motorcycle,South,49.97118990512121,1.2840049248423162,3,Through,Yes,No,Yellow,80,30,2,Night,Tuesday,Rain,No,19,5,Road Closure
2024-12-13 10:30:00,8.76735,78.13425,38,Motorcycle,North,50.751608236489,1.459132211503094,1,Left-Turn,No,Yes,Green,80,30,6,Afternoon,Wednesday,Snow,Yes,62,45,None
2024-10-04 04:49:00,8.76735,78.13425,18,Car,East,40.704497933231636,0.43203365924888304,1,Through,Yes,No,Green,80,45,15,Afternoon,Wednesday,Fog,Yes,96,30,Accident
2024-09-07 18:44:00,8.76735,78.13425,16,Bicycle,North,76.3569618842366,0.7071622284095839,1,Through,Yes,No,Green,80,5,2,Afternoon,Tuesday,Fog,No,23,30,Accident
2024-08-14 14:14:00,8.76735,78.13425,24,Bus,North,66.66764385365373,0.9679608356525271,1,Through,Yes,Yes,Green,80,30,11,Morning,Friday,Clear,No,100,45,Accident
2024-08-15 22:32:00,8.76735,78.13425,17,Car,East,47.27492673783226,1.2091150381591365,2,Through,Yes,No,Yellow,80,45,1,Afternoon,Wednesday,Clear,Yes,68,45,None
2024-03-31 00:34:00,8.76735,78.13425,21,Bicycle,North,60.5264387754419,0.8259978260734238,2,Through,Yes,No,Green,80,45,29,Afternoon,Wednesday,Fog,No,91,45,None
2024-03-23 08:48:00,8.76735,78.13425,1,Bicycle,West,68.94828546811155,1.1549359643445378,1,Through,Yes,No,Red,80,45,2,Morning,Saturday,Fog,Yes,18,45,Accident
2024-03-21 07:35:00,8.76735,78.13425,47,Car,West,41.07080305211432,0.17748724097399382,2,Through,No,No,Red,80,45,17,Afternoon,Friday,Clear,No,46,5,Accident
2024-02-17 23:53:00,8.76735,78.13425,29,Truck,West,53.065087781546396,0.3728840422913662,3,Right-Turn,No,Yes,Green,80,5,25,Night,Wednesday,Rain,Yes,59,30,None
2024-04-21 01:21:00,8.76735,78.13425,38,Motorcycle,North,68.5780116171798,0.9817326483169568,3,Through,Yes,Yes,Green,80,5,20,Morning,Tuesday,Clear,No,20,45,Accident
2024-06-22 02:29:00,8.76735,78.13425,22,Motorcycle,South,13.07301653371495,1.291600082716488,1,Right-Turn,No,No,Green,80,5,23,Night,Tuesday,Snow,Yes,76,5,Accident
2024-05-28 16:08:00,8.76735,78.13425,20,Bus,East,70.51109219048493,1.13378053550319,4,Through,Yes,No,Red,80,5,15,Morning,Tuesday,Fog,No,7,5,Road Closure
2024-03-13 23:22:00,8.76735,78.13425,28,Truck,South,28.90007352656157,1.4286148634217417,3,Right-Turn,No,Yes,Green,80,5,9,Morning,Sunday,Fog,No,74,30,Accident
2024-09-12 15:16:00,8.76735,78.13425,12,Bicycle,East,44.81772435644015,0.15792940461793975,1,Through,Yes,Yes,Green,80,30,10,Evening,Tuesday,Snow,Yes,64,45,None
2024-02-03 05:59:00,8.76735,78.13425,11,Motorcycle,North,26.333126307034796,0.2230749958488487,3,Left-Turn,Yes,Yes,Yellow,80,5,11,Afternoon,Sunday,Clear,Yes,66,45,Road Closure
2024-10-14 23:04:00,8.76735,78.13425,32,Car,East,68.69574734348878,0.5439752910026225,3,Through,Yes,No,Red,80,30,16,Morning,Wednesday,Fog,Yes,95,5,Road Closure
2024-01-06 14:53:00,8.76735,78.13425,26,Truck,West,10.860938613088187,0.5568348328356777,4,Left-Turn,Yes,No,Yellow,80,30,25,Afternoon,Tuesday,Snow,No,36,45,Accident
2024-03-08 06:34:00,8.76735,78.13425,9,Bus,North,16.26236211599643,0.9161495281493413,2,Right-Turn,Yes,No,Green,80,5,8,Evening,Wednesday,Snow,No,16,45,None
2024-10-02 19:24:00,8.76735,78.13425,31,Motorcycle,South,46.43749378600399,1.111462604314659,1,Left-Turn,No,Yes,Yellow,80,45,6,Afternoon,Sunday,Fog,Yes,60,30,Road Closure
2024-09-08 09:46:00,8.76735,78.13425,50,Bus,North,73.4829880264006,0.2652213566505581,2,Left-Turn,No,Yes,Yellow,80,45,20,Evening,Thursday,Fog,No,47,45,Accident
2024-06-10 09:16:00,8.76735,78.13425,34,Bicycle,South,74.48252290784045,0.5299208875301354,2,Through,No,No,Yellow,80,45,17,Evening,Tuesday,Clear,Yes,87,45,None
2024-05-26 13:11:00,8.76735,78.13425,48,Motorcycle,North,11.371756536084598,0.9993301626234299,4,Through,No,Yes,Red,80,30,3,Night,Friday,Clear,Yes,25,45,None
2024-08-13 21:39:00,8.76735,78.13425,47,Car,East,29.048486499471565,0.4102579270315492,1,Through,No,Yes,Green,80,30,12,Morning,Saturday,Rain,No,36,5,None
2024-08-22 05:22:00,8.76735,78.13425,37,Bus,West,66.59021920056611,0.9468333741606936,1,Through,Yes,Yes,Red,80,45,19,Night,Monday,Snow,Yes,64,5,Accident
2024-08-10 20:04:00,8.76735,78.13425,26,Car,North,66.84903758152034,0.3038451265509219,3,Left-Turn,No,Yes,Yellow,80,30,24,Morning,Wednesday,Rain,Yes,97,5,None
2024-12-07 14:48:00,8.76735,78.13425,28,Bicycle,West,20.803572185506006,1.3872229969432053,3,Left-Turn,No,Yes,Yellow,80,45,6,Night,Thursday,Rain,Yes,26,30,Road Closure
2024-12-11 08:18:00,8.76735,78.13425,20,Motorcycle,West,76.42740263281333,0.6590577580527582,1,Right-Turn,Yes,Yes,Yellow,80,45,28,Afternoon,Sunday,Snow,No,44,30,Road Closure
2024-01-13 09:43:00,8.76735,78.13425,47,Bicycle,North,41.27263207018454,0.985220022509962,4,Left-Turn,No,No,Red,80,45,7,Afternoon,Friday,Clear,No,30,5,Road Closure
2024-02-12 21:37:00,8.76735,78.13425,25,Truck,East,62.29228534244787,1.00783350394376,2,Through,No,No,Yellow,80,45,29,Night,Tuesday,Fog,No,90,30,Accident
2024-02-08 19:49:00,8.76735,78.13425,21,Bus,East,12.955760941287338,1.138048221336573,3,Left-Turn,Yes,No,Green,80,45,7,Night,Thursday,Snow,Yes,64,5,None
2024-06-02 01:16:00,8.76735,78.13425,5,Bicycle,South,18.24436000354558,0.29408318959460766,3,Through,Yes,Yes,Green,80,45,5,Night,Thursday,Clear,Yes,42,30,None
2024-03-10 00:29:00,8.76735,78.13425,41,Bicycle,East,51.51252281451598,0.8689687126043827,4,Right-Turn,Yes,Yes,Yellow,80,5,21,Morning,Thursday,Snow,Yes,91,30,Road Closure
2024-11-21 03:58:00,8.76735,78.13425,35,Bus,East,62.707932059053554,0.8563749242820871,4,Left-Turn,No,No,Red,80,5,20,Afternoon,Saturday,Fog,No,69,5,None
2024-06-07 18:10:00,8.76735,78.13425,1,Truck,South,50.522583258238136,0.8420300617634416,1,Through,No,No,Red,80,45,14,Morning,Wednesday,Fog,No,9,45,Accident
2024-09-07 04:44:00,8.76735,78.13425,37,Truck,East,10.28787219604879,0.2899447185430273,4,Right-Turn,Yes,Yes,Green,80,30,30,Evening,Wednesday,Snow,Yes,26,5,None
2024-04-25 16:39:00,8.76735,78.13425,11,Motorcycle,West,24.56773671604408,0.2504201833496731,3,Right-Turn,Yes,No,Red,80,45,11,Night,Monday,Snow,Yes,44,45,Accident
2024-12-24 16:08:00,8.76735,78.13425,46,Car,South,17.307570784315658,1.1809874578749278,2,Right-Turn,Yes,Yes,Red,80,30,29,Night,Friday,Snow,No,62,45,None
2024-12-14 15:01:00,8.76735,78.13425,23,Bicycle,West,56.20737426787203,0.15215344753761967,1,Right-Turn,Yes,No,Red,80,5,5,Evening,Friday,Rain,Yes,60,30,Accident
2024-07-02 18:53:00,8.76735,78.13425,19,Truck,West,31.92548742201111,1.1476804508115983,3,Right-Turn,No,No,Red,80,5,14,Night,Friday,Rain,Yes,40,45,None
2024-09-16 04:39:00,8.76735,78.13425,44,Motorcycle,East,49.44467605714118,0.22777675176942694,2,Right-Turn,No,Yes,Red,80,30,15,Morning,Thursday,Rain,No,100,45,Accident
2024-04-22 11:12:00,8.76735,78.13425,36,Bicycle,West,73.16429782128176,1.195597781734919,3,Through,Yes,No,Yellow,80,5,29,Evening,Thursday,Snow,No,17,5,Road Closure
2024-06-09 10:17:00,8.76735,78.13425,46,Bus,West,37.975755380917064,1.3653613550531811,1,Through,Yes,No,Green,80,5,28,Night,Friday,Rain,No,62,30,Road Closure
2024-10-27 10:29:00,8.76735,78.13425,12,Car,North,54.07906086325786,1.1262173672490519,2,Right-Turn,Yes,Yes,Yellow,80,30,7,Afternoon,Tuesday,Rain,Yes,59,30,Road Closure
2024-02-06 03:31:00,8.76735,78.13425,7,Bus,East,41.28086859641118,0.3149128068074843,3,Through,No,Yes,Yellow,80,45,26,Evening,Thursday,Snow,No,71,45,Accident
2024-06-14 03:57:00,8.76735,78.13425,38,Truck,South,26.43032038533673,1.4736796068118088,2,Left-Turn,No,No,Red,80,5,23,Afternoon,Saturday,Clear,Yes,89,30,None
2024-09-27 11:43:00,8.76735,78.13425,27,Motorcycle,South,40.397819158833414,0.635384449329912,2,Through,Yes,No,Yellow,80,30,29,Morning,Saturday,Rain,Yes,74,5,Accident
2024-09-01 09:17:00,8.76735,78.13425,39,Truck,South,21.90217266996808,0.6728541712404328,2,Right-Turn,Yes,Yes,Green,80,30,19,Morning,Monday,Clear,Yes,86,5,None
2024-04-01 17:17:00,8.76735,78.13425,32,Bus,West,42.77698571641287,1.2664994865660189,2,Left-Turn,Yes,Yes,Yellow,80,30,30,Night,Friday,Fog,No,97,5,Accident
2024-10-23 11:14:00,8.76735,78.13425,31,Bus,South,50.158753012637284,0.15103885210367712,2,Through,Yes,No,Green,80,5,27,Evening,Monday,Clear,Yes,83,5,Accident
2024-11-05 03:00:00,8.76735,78.13425,44,Bus,East,47.331504481671644,0.683933927749112,2,Right-Turn,Yes,Yes,Green,80,30,22,Night,Monday,Fog,No,88,45,Road Closure
2024-01-28 00:01:00,8.76735,78.13425,47,Bus,North,68.40270859694479,0.6780944004646384,2,Through,Yes,No,Red,80,45,0,Afternoon,Thursday,Snow,Yes,6,45,Accident
2024-10-07 08:29:00,8.76735,78.13425,18,Truck,South,51.63510637593319,0.2652949053107203,1,Right-Turn,No,No,Green,80,45,22,Morning,Sunday,Fog,No,86,5,Accident
2024-07-24 14:50:00,8.76735,78.13425,28,Truck,East,71.0200763837338,0.70457774906622,2,Right-Turn,Yes,Yes,Yellow,80,30,5,Afternoon,Monday,Snow,No,71,45,Accident
2024-12-05 07:27:00,8.76735,78.13425,33,Truck,West,59.47264501753882,1.0880977416907598,1,Right-Turn,No,No,Red,80,45,15,Night,Monday,Fog,Yes,21,45,Road Closure
2024-10-08 16:47:00,8.76735,78.13425,25,Car,East,59.07876167345372,1.1293710127682095,3,Through,Yes,No,Green,80,30,20,Evening,Wednesday,Clear,No,8,5,Road Closure
2024-02-08 19:57:00,8.76735,78.13425,30,Truck,West,56.15609903412355,0.6922293831273799,1,Right-Turn,No,No,Green,80,5,0,Afternoon,Friday,Snow,Yes,59,30,Accident
2024-05-25 07:46:00,8.76735,78.13425,33,Bicycle,North,15.877375265401344,0.4930041836289012,4,Right-Turn,No,Yes,Red,80,45,6,Night,Wednesday,Clear,No,72,5,None
2024-12-25 12:00:00,8.76735,78.13425,24,Bicycle,West,72.46995863787713,0.8467837302492774,3,Right-Turn,No,No,Green,80,45,15,Afternoon,Saturday,Rain,Yes,78,5,None
2024-05-08 06:53:00,8.76735,78.13425,49,Bicycle,West,67.34567988699274,1.4445551965295442,2,Left-Turn,No,Yes,Green,80,30,28,Morning,Tuesday,Rain,No,68,30,Road Closure
2024-11-03 03:03:00,8.76735,78.13425,25,Motorcycle,North,58.301251568938746,0.7975725691685349,3,Through,Yes,No,Green,80,30,0,Evening,Saturday,Clear,Yes,57,30,Road Closure
2024-12-28 23:16:00,8.76735,78.13425,30,Car,South,10.381213590284297,0.34547344034547933,2,Left-Turn,Yes,No,Red,80,30,22,Morning,Tuesday,Rain,Yes,74,5,Road Closure
2024-12-21 07:46:00,8.76735,78.13425,26,Car,South,42.40284958495892,1.2848058271887184,2,Left-Turn,No,Yes,Red,80,30,6,Afternoon,Tuesday,Snow,No,57,5,Road Closure
2024-12-02 15:14:00,8.76735,78.13425,33,Bicycle,East,18.2957468654183,0.16051580586423586,1,Left-Turn,No,No,Red,80,45,4,Afternoon,Wednesday,Clear,No,27,45,Accident
2024-11-26 02:03:00,8.76735,78.13425,39,Bus,North,13.600729978742683,1.2150530440586358,1,Through,Yes,Yes,Yellow,80,5,24,Afternoon,Tuesday,Fog,Yes,90,5,None
2024-10-31 23:02:00,8.76735,78.13425,4,Motorcycle,South,65.0770963532141,0.9757778804083856,2,Through,No,No,Green,80,5,5,Night,Wednesday,Clear,Yes,93,5,Accident
2024-08-30 20:04:00,8.76735,78.13425,19,Bicycle,East,79.12804724989671,0.44673381244575183,3,Through,Yes,No,Green,80,30,0,Evening,Monday,Rain,Yes,69,45,Accident
2024-10-22 01:24:00,8.76735,78.13425,10,Motorcycle,North,30.861755497871243,1.3240843690952535,2,Right-Turn,Yes,No,Yellow,80,30,22,Morning,Saturday,Clear,No,52,30,Road Closure
2024-08-26 03:07:00,8.76735,78.13425,35,Car,West,10.449739437609894,0.7648603448348742,3,Through,Yes,Yes,Green,80,30,2,Night,Saturday,Snow,Yes,89,30,Road Closure
2024-05-19 03:05:00,8.76735,78.13425,34,Motorcycle,East,24.585046684046524,1.1027906137672576,4,Through,No,Yes,Yellow,80,30,5,Night,Friday,Clear,No,50,30,Road Closure
2024-11-06 22:25:00,8.76735,78.13425,29,Car,West,64.95621586036128,1.3375747185164626,2,Right-Turn,Yes,No,Yellow,80,30,14,Morning,Monday,Snow,No,74,5,Accident
2024-06-25 02:30:00,8.76735,78.13425,38,Bicycle,East,26.578077936950276,0.14652542244527203,1,Right-Turn,No,No,Yellow,80,30,10,Evening,Friday,Snow,No,73,30,Road Closure
2024-06-22 12:36:00,8.76735,78.13425,34,Car,North,47.354420011959625,0.6304300688806361,3,Left-Turn,No,No,Yellow,80,5,4,Evening,Friday,Rain,No,24,5,Road Closure
2024-12-18 23:50:00,8.76735,78.13425,43,Bicycle,South,25.765806824378743,0.7703106343141359,1,Left-Turn,No,No,Red,80,45,2,Night,Tuesday,Clear,No,10,5,None
2024-01-30 01:49:00,8.76735,78.13425,32,Motorcycle,East,36.310157522615114,0.7215871900016586,3,Right-Turn,No,Yes,Yellow,80,5,26,Evening,Saturday,Snow,Yes,82,30,Accident
2024-05-21 01:20:00,8.76735,78.13425,42,Motorcycle,West,37.38289297158627,0.4465403619207823,1,Right-Turn,Yes,No,Red,80,45,22,Night,Friday,Fog,No,5,30,Road Closure
2024-04-30 08:23:00,8.76735,78.13425,40,Motorcycle,East,33.88428063735539,0.130156865824058,2,Right-Turn,Yes,No,Green,80,5,8,Evening,Sunday,Snow,Yes,54,30,None
2024-04-06 14:13:00,8.76735,78.13425,3,Bicycle,South,48.4163660816425,1.4238807516423044,1,Left-Turn,Yes,No,Green,80,30,20,Evening,Monday,Fog,No,55,45,Road Closure
2024-02-19 21:37:00,8.76735,78.13425,24,Motorcycle,East,39.872484852149334,0.9262295851559084,4,Left-Turn,No,Yes,Red,80,30,20,Evening,Wednesday,Clear,No,13,45,Accident
2024-08-06 02:28:00,8.76735,78.13425,32,Motorcycle,South,50.17718537958038,0.4298498874686123,2,Right-Turn,Yes,No,Yellow,80,5,25,Night,Monday,Fog,No,16,30,None
2024-06-30 14:08:00,8.76735,78.13425,27,Bicycle,North,76.43436364986763,0.28009026627794953,4,Right-Turn,Yes,No,Yellow,80,45,11,Evening,Friday,Clear,No,89,30,Road Closure
2024-11-09 22:16:00,8.76735,78.13425,31,Motorcycle,South,79.09409858521518,0.2619343272162298,1,Through,No,Yes,Red,80,30,10,Morning,Tuesday,Clear,Yes,25,45,Accident
2024-09-08 01:48:00,8.76735,78.13425,14,Truck,North,14.545369337842814,1.4994457148891651,4,Right-Turn,Yes,Yes,Yellow,80,5,10,Night,Monday,Snow,Yes,53,45,Accident
2024-09-11 01:57:00,8.76735,78.13425,31,Bicycle,South,31.665591371598588,1.3410218870008326,1,Right-Turn,No,No,Green,80,30,17,Evening,Friday,Clear,No,67,30,Accident
2024-11-29 00:25:00,8.76735,78.13425,23,Car,East,62.44135119045727,1.2349969860719368,1,Right-Turn,Yes,No,Red,80,45,27,Night,Thursday,Clear,No,53,5,Road Closure
2024-09-22 22:04:00,8.76735,78.13425,46,Motorcycle,West,75.31122248424724,0.9340710659157596,1,Left-Turn,Yes,Yes,Red,80,30,6,Evening,Thursday,Snow,No,49,5,None
2024-09-28 02:20:00,8.76735,78.13425,46,Motorcycle,East,55.52982429676504,1.465250807415646,2,Left-Turn,No,No,Green,80,5,2,Night,Sunday,Snow,Yes,39,5,None
2024-10-04 14:58:00,8.76735,78.13425,14,Truck,South,79.2311312398355,0.9130060421535429,1,Through,No,No,Red,80,5,26,Evening,Tuesday,Clear,No,18,30,Accident
2024-11-23 04:03:00,8.76735,78.13425,3,Bus,North,73.5801015684394,0.21360518182592703,3,Left-Turn,No,No,Green,80,45,4,Evening,Wednesday,Snow,Yes,62,45,Accident
2024-12-11 16:24:00,8.76735,78.13425,9,Car,North,49.354547978689254,0.516177011578787,3,Left-Turn,Yes,No,Green,80,30,16,Evening,Monday,Clear,No,15,30,None
2024-05-28 14:19:00,8.76735,78.13425,19,Car,North,11.109722455572758,0.7953634019087491,1,Left-Turn,No,Yes,Yellow,80,30,11,Night,Wednesday,Rain,No,48,5,None
2024-05-04 14:58:00,8.76735,78.13425,8,Motorcycle,North,62.24832169553728,0.7583572315809282,4,Left-Turn,Yes,Yes,Green,80,5,4,Evening,Wednesday,Fog,Yes,35,5,None
2024-11-06 23:38:00,8.76735,78.13425,45,Car,North,44.208655422063174,1.0732622136867718,2,Left-Turn,No,Yes,Red,80,45,16,Afternoon,Sunday,Fog,No,60,5,Road Closure
2024-12-09 18:21:00,8.76735,78.13425,27,Bus,North,55.93178750442156,0.975345416471661,1,Left-Turn,No,No,Yellow,80,45,4,Night,Monday,Rain,No,75,45,Accident
2024-10-27 19:37:00,8.76735,78.13425,18,Bicycle,South,40.766501801643685,0.16919872853680332,4,Left-Turn,No,No,Red,80,5,18,Afternoon,Sunday,Clear,Yes,89,30,None
2024-07-17 20:39:00,8.76735,78.13425,49,Truck,South,61.95006724835652,0.7599539378814966,1,Right-Turn,No,Yes,Red,80,30,16,Afternoon,Saturday,Clear,Yes,26,45,Accident
2024-07-17 08:20:00,8.76735,78.13425,32,Bicycle,North,33.74206741828664,0.39130993364322675,3,Through,Yes,Yes,Green,80,30,30,Afternoon,Monday,Rain,No,6,45,Road Closure
2024-03-31 19:43:00,8.76735,78.13425,7,Bicycle,North,27.537485344852513,0.804967449630521,4,Right-Turn,Yes,Yes,Yellow,80,30,12,Morning,Friday,Snow,No,94,5,None
2024-10-24 16:02:00,8.76735,78.13425,8,Truck,North,39.126607194727654,0.2926754915436485,2,Left-Turn,Yes,No,Yellow,80,30,7,Evening,Saturday,Snow,Yes,18,30,None
2024-02-17 05:55:00,8.76735,78.13425,18,Bicycle,North,32.139226306593066,0.19177997144051492,3,Through,No,Yes,Green,80,45,21,Afternoon,Friday,Fog,No,63,30,Accident
2024-07-31 07:15:00,8.76735,78.13425,34,Truck,South,76.1233775258551,0.8477482006441038,2,Right-Turn,No,Yes,Red,80,45,13,Morning,Tuesday,Fog,Yes,81,45,None
2024-04-06 11:07:00,8.76735,78.13425,40,Car,East,34.380693944517446,1.267722943024706,4,Right-Turn,No,Yes,Red,80,30,21,Afternoon,Friday,Rain,Yes,71,5,None
2024-10-10 04:48:00,8.76735,78.13425,9,Bicycle,South,63.6599546599176,0.5586888396285714,1,Through,Yes,No,Yellow,80,5,7,Night,Saturday,Snow,Yes,83,5,Road Closure
2024-03-10 09:03:00,8.76735,78.13425,26,Bus,South,55.341487801575234,1.0225415199814774,3,Left-Turn,No,Yes,Red,80,30,0,Evening,Wednesday,Rain,No,10,5,Accident
2024-12-28 01:13:00,8.76735,78.13425,14,Bicycle,South,11.780898829298929,0.31098664042241014,4,Through,Yes,No,Yellow,80,45,18,Evening,Thursday,Clear,No,37,5,Road Closure
2024-06-12 04:37:00,8.76735,78.13425,46,Bicycle,East,58.57101675350094,0.8724023690108461,3,Left-Turn,Yes,No,Yellow,80,45,22,Afternoon,Sunday,Snow,No,97,30,None
2024-06-09 10:49:00,8.76735,78.13425,13,Truck,East,46.53048484278145,0.48601531043704793,4,Through,Yes,Yes,Yellow,80,5,22,Night,Monday,Snow,No,18,45,Accident
2024-11-01 05:18:00,8.76735,78.13425,13,Bus,West,60.863856035627464,0.9545032651883892,4,Right-Turn,No,No,Red,80,30,25,Evening,Saturday,Snow,Yes,31,30,Accident
2024-12-02 12:21:00,8.76735,78.13425,36,Car,South,46.58738741969809,1.3089891302058665,4,Through,Yes,No,Green,80,45,0,Evening,Sunday,Fog,Yes,62,5,None
2024-06-10 14:27:00,8.76735,78.13425,30,Truck,North,50.863855944438725,0.9300836928885708,3,Right-Turn,Yes,Yes,Yellow,80,30,22,Evening,Monday,Clear,No,15,30,Accident
2024-03-23 23:24:00,8.76735,78.13425,14,Truck,North,56.37691403013625,0.5992513244999828,1,Right-Turn,No,No,Red,80,45,29,Evening,Sunday,Snow,No,19,30,None
2024-06-03 03:09:00,8.76735,78.13425,48,Bicycle,West,77.28804723648625,0.39431945654581535,3,Left-Turn,No,Yes,Green,80,45,30,Afternoon,Wednesday,Rain,No,80,45,Accident
2024-01-10 02:21:00,8.76735,78.13425,7,Bicycle,West,76.33088133588029,0.49203192001510454,4,Left-Turn,No,No,Yellow,80,5,24,Night,Friday,Snow,No,62,45,None
2024-09-26 03:00:00,8.76735,78.13425,9,Car,East,13.643812014235177,0.36095797028767795,4,Right-Turn,Yes,Yes,Green,80,5,14,Evening,Tuesday,Snow,Yes,56,5,None
2024-03-06 21:33:00,8.76735,78.13425,11,Motorcycle,North,22.276803474648425,0.336179562720112,2,Through,Yes,No,Yellow,80,30,12,Afternoon,Friday,Snow,No,14,5,Road Closure
2024-08-28 19:33:00,8.76735,78.13425,1,Truck,East,13.992093615276282,1.1473326257668277,2,Through,Yes,Yes,Red,80,5,26,Afternoon,Wednesday,Rain,No,87,45,Accident
2024-01-03 06:05:00,8.76735,78.13425,22,Car,East,35.09249227135659,0.7351944379219472,4,Right-Turn,No,No,Yellow,80,5,16,Night,Friday,Snow,Yes,20,30,None
2024-03-09 22:42:00,8.76735,78.13425,37,Bicycle,North,14.94707263339688,0.9508104249823769,3,Right-Turn,No,Yes,Green,80,30,18,Evening,Thursday,Rain,No,19,45,None
2024-07-29 15:18:00,8.76735,78.13425,16,Bicycle,North,17.06042864699973,0.9214508282941433,3,Right-Turn,Yes,Yes,Yellow,80,45,24,Evening,Wednesday,Rain,No,84,5,None
2024-10-21 22:07:00,8.76735,78.13425,44,Truck,East,77.66787332359932,0.567284078099747,1,Right-Turn,No,Yes,Green,80,45,27,Evening,Saturday,Clear,Yes,19,30,Accident
2024-01-26 04:35:00,8.76735,78.13425,46,Bicycle,South,14.341673435794622,0.709225880449951,2,Through,No,No,Yellow,80,5,5,Night,Thursday,Clear,Yes,72,30,Road Closure
2024-10-20 18:12:00,8.76735,78.13425,17,Bicycle,South,75.72043769381034,1.185137643580271,1,Left-Turn,Yes,Yes,Red,80,30,8,Afternoon,Tuesday,Snow,Yes,30,30,Road Closure
2024-02-26 19:41:00,8.76735,78.13425,18,Car,West,59.22874761955868,0.20724894080052345,4,Through,No,Yes,Red,80,30,12,Morning,Sunday,Fog,Yes,64,30,Accident
2024-11-09 08:07:00,8.76735,78.13425,1,Motorcycle,South,33.39288963656625,0.16321922615364137,3,Through,No,Yes,Red,80,45,9,Morning,Thursday,Clear,Yes,60,45,Accident
2024-01-19 13:22:00,8.76735,78.13425,3,Bicycle,East,16.751101034529228,1.084069447214186,1,Right-Turn,Yes,Yes,Red,80,45,29,Morning,Thursday,Rain,No,71,45,None
2024-06-12 01:26:00,8.76735,78.13425,37,Motorcycle,South,44.480203856014185,0.2623071630228736,1,Left-Turn,No,Yes,Green,80,5,20,Evening,Monday,Rain,No,83,5,None
2024-04-10 21:26:00,8.76735,78.13425,7,Truck,South,11.295277104240547,0.9483212725738255,3,Right-Turn,No,No,Red,80,30,9,Morning,Tuesday,Rain,No,46,45,Road Closure
2024-07-12 04:27:00,8.76735,78.13425,43,Bus,East,16.549901154307815,1.3946837042057736,2,Right-Turn,No,Yes,Green,80,45,17,Evening,Monday,Rain,No,86,30,Accident
2024-07-12 04:09:00,8.76735,78.13425,17,Car,West,51.69371763869646,1.0880805649723957,1,Right-Turn,Yes,Yes,Red,80,45,29,Night,Monday,Clear,No,19,5,Accident
2024-06-01 01:55:00,8.76735,78.13425,44,Car,South,47.63575440780371,0.860115958477851,4,Right-Turn,No,No,Green,80,45,13,Afternoon,Tuesday,Clear,No,56,45,Accident
2024-03-26 03:49:00,8.76735,78.13425,23,Car,North,33.6495909648483,0.2660990009656997,1,Right-Turn,Yes,No,Red,80,5,17,Evening,Wednesday,Clear,Yes,27,5,Accident
2024-01-09 17:42:00,8.76735,78.13425,11,Bicycle,North,72.59086989954342,0.9332021546064148,1,Left-Turn,No,Yes,Red,80,5,18,Morning,Thursday,Rain,No,82,45,Road Closure
2024-09-02 20:44:00,8.76735,78.13425,19,Truck,South,32.82484434163747,0.6228016056602391,2,Right-Turn,Yes,No,Yellow,80,5,28,Morning,Sunday,Rain,No,51,45,Accident
2024-11-02 12:07:00,8.76735,78.13425,11,Car,West,23.026475688208368,0.4637292081152131,3,Right-Turn,Yes,No,Green,80,45,22,Evening,Tuesday,Clear,No,26,45,Accident
2024-09-27 06:07:00,8.76735,78.13425,38,Truck,West,18.645151023543644,1.387310587205244,4,Through,Yes,No,Yellow,80,30,5,Night,Friday,Clear,No,80,45,Accident
2024-04-15 06:14:00,8.76735,78.13425,26,Car,South,17.492550447312706,0.6704751865714945,1,Through,No,No,Red,80,5,7,Night,Saturday,Snow,Yes,20,45,Accident
2024-05-28 20:32:00,8.76735,78.13425,26,Bicycle,North,65.80506103018001,0.7249869582377748,3,Left-Turn,No,No,Yellow,80,45,2,Afternoon,Wednesday,Fog,Yes,93,45,None
2024-09-01 15:20:00,8.76735,78.13425,36,Truck,West,64.36739316723151,1.3637591648162937,1,Left-Turn,Yes,No,Yellow,80,30,14,Night,Saturday,Snow,Yes,7,30,Road Closure
2024-11-08 09:48:00,8.76735,78.13425,26,Bicycle,North,61.88508612119294,0.43137511039452814,3,Left-Turn,Yes,No,Yellow,80,5,9,Evening,Tuesday,Fog,Yes,28,45,Accident
2024-09-15 05:02:00,8.76735,78.13425,38,Bicycle,East,77.38105859996492,0.20764091162683518,2,Right-Turn,Yes,Yes,Green,80,45,3,Night,Sunday,Snow,No,91,5,Accident
2024-05-06 01:56:00,8.76735,78.13425,50,Truck,East,78.97510578824426,0.6340916352745597,2,Right-Turn,No,Yes,Red,80,30,11,Evening,Wednesday,Clear,No,22,5,Accident
2024-12-03 00:38:00,8.76735,78.13425,42,Bicycle,South,14.147035115059204,0.8682784038398091,1,Through,No,No,Yellow,80,30,1,Evening,Saturday,Clear,No,55,45,Road Closure
2024-08-01 08:23:00,8.76735,78.13425,28,Motorcycle,North,48.65348440901625,1.0445672780091,3,Left-Turn,Yes,Yes,Red,80,45,16,Morning,Saturday,Rain,No,28,30,Road Closure
2024-04-04 07:45:00,8.76735,78.13425,8,Car,West,29.923994712367183,0.1250187410819474,4,Right-Turn,No,Yes,Yellow,80,30,11,Afternoon,Sunday,Clear,Yes,53,5,Road Closure
2024-03-14 18:29:00,8.76735,78.13425,31,Car,South,23.011607624899668,1.1242250118808692,1,Right-Turn,No,Yes,Yellow,80,45,7,Evening,Monday,Rain,No,77,5,None
2024-04-20 02:48:00,8.76735,78.13425,43,Motorcycle,East,56.686406057288856,1.008018933200168,3,Through,Yes,Yes,Green,80,30,18,Afternoon,Sunday,Rain,No,86,5,Road Closure
2024-05-20 01:35:00,8.76735,78.13425,28,Truck,North,77.18061670594878,1.3714484437134598,4,Through,No,Yes,Red,80,30,22,Afternoon,Tuesday,Snow,No,100,45,Accident
2024-10-28 10:33:00,8.76735,78.13425,29,Motorcycle,South,12.043262127157142,1.4365089084895115,4,Right-Turn,No,Yes,Red,80,5,11,Afternoon,Tuesday,Snow,Yes,22,45,None
2024-10-14 16:08:00,8.76735,78.13425,42,Bicycle,South,42.27715465376628,0.1175355152012258,4,Left-Turn,No,Yes,Red,80,30,1,Night,Wednesday,Clear,Yes,78,5,None
2024-01-19 03:47:00,8.76735,78.13425,10,Bus,North,38.67289414215442,0.8098992301909861,2,Right-Turn,No,No,Red,80,30,16,Afternoon,Saturday,Clear,Yes,14,30,Road Closure
2024-11-30 04:08:00,8.76735,78.13425,25,Bus,North,60.08252705680027,0.9223039802364685,1,Right-Turn,Yes,No,Green,80,45,7,Morning,Saturday,Clear,No,46,45,None
2024-07-21 14:03:00,8.76735,78.13425,3,Bicycle,West,75.89836898799314,1.1057070230385133,3,Through,Yes,Yes,Yellow,80,5,19,Morning,Monday,Fog,No,27,45,None
2024-07-13 20:11:00,8.76735,78.13425,39,Car,West,13.68343609181706,0.6691191760942112,1,Left-Turn,No,Yes,Yellow,80,45,18,Night,Saturday,Fog,No,53,45,Accident
2024-04-13 19:16:00,8.76735,78.13425,8,Bicycle,West,12.817829312829481,0.9048657125936198,3,Right-Turn,Yes,Yes,Red,80,45,7,Night,Thursday,Snow,Yes,18,30,None
2024-05-22 14:43:00,8.76735,78.13425,48,Truck,North,53.50295214708238,0.9649701491811924,4,Left-Turn,No,Yes,Yellow,80,5,15,Afternoon,Tuesday,Clear,Yes,73,45,None
2024-09-26 17:33:00,8.76735,78.13425,19,Bicycle,South,17.2627793094705,1.4188575089735989,2,Left-Turn,No,No,Yellow,80,5,29,Morning,Sunday,Fog,No,53,45,Road Closure
2024-03-05 14:39:00,8.76735,78.13425,11,Truck,South,28.113736689797893,0.6531281649409634,1,Right-Turn,Yes,Yes,Yellow,80,5,8,Morning,Wednesday,Fog,Yes,45,45,None
2024-08-29 20:24:00,8.76735,78.13425,2,Bus,East,31.527177529308126,1.069976490723857,3,Through,Yes,No,Red,80,45,22,Morning,Saturday,Rain,No,68,45,Accident
2024-05-22 18:18:00,8.76735,78.13425,13,Car,South,44.52833483892665,1.383935539626065,1,Left-Turn,No,No,Red,80,5,0,Evening,Monday,Clear,No,51,5,None
2024-01-20 08:07:00,8.76735,78.13425,22,Motorcycle,South,13.382994019138007,0.7894635823798288,3,Right-Turn,Yes,Yes,Yellow,80,5,7,Evening,Wednesday,Fog,No,41,30,None
2024-11-20 14:47:00,8.76735,78.13425,5,Car,East,24.443262902014812,0.9153436426523636,3,Right-Turn,Yes,No,Yellow,80,5,27,Afternoon,Wednesday,Rain,Yes,11,45,Road Closure
2024-12-15 04:19:00,8.76735,78.13425,33,Bus,East,39.94974263825082,0.7233870327023029,3,Left-Turn,Yes,No,Yellow,80,5,21,Evening,Tuesday,Snow,No,100,30,Accident
2024-12-13 13:18:00,8.76735,78.13425,37,Car,North,14.801049684044486,0.8930496980854793,3,Left-Turn,No,No,Red,80,30,23,Morning,Tuesday,Snow,Yes,62,5,Road Closure
2024-10-22 00:23:00,8.76735,78.13425,43,Motorcycle,East,68.7234598425763,0.24716072600130515,2,Right-Turn,No,Yes,Red,80,5,30,Afternoon,Wednesday,Snow,No,26,45,Accident
2024-07-25 23:51:00,8.76735,78.13425,26,Truck,East,60.81850323293711,1.2040948572250516,3,Left-Turn,Yes,No,Yellow,80,30,10,Evening,Tuesday,Clear,No,17,45,Accident
2024-06-30 08:35:00,8.76735,78.13425,17,Motorcycle,North,48.388231393968276,1.2651309471754413,3,Left-Turn,Yes,Yes,Yellow,80,45,20,Morning,Monday,Fog,Yes,16,45,None
2024-02-07 14:57:00,8.76735,78.13425,33,Truck,South,76.90143229939622,0.10536943035196117,3,Right-Turn,Yes,Yes,Yellow,80,30,27,Evening,Tuesday,Clear,No,31,30,Accident
2024-11-23 00:11:00,8.76735,78.13425,29,Car,North,36.18335331366974,0.4435623094587604,4,Left-Turn,No,Yes,Red,80,5,30,Afternoon,Saturday,Clear,No,83,45,Road Closure
2024-09-28 18:20:00,8.76735,78.13425,15,Car,North,22.311094641379324,0.5843435988117943,1,Right-Turn,Yes,No,Green,80,30,26,Evening,Monday,Clear,No,94,45,Accident
2024-04-03 20:30:00,8.76735,78.13425,37,Truck,North,17.660134244221567,0.46000942830392866,3,Left-Turn,Yes,No,Yellow,80,30,20,Morning,Sunday,Fog,Yes,83,5,Road Closure
2024-01-18 04:38:00,8.76735,78.13425,8,Bus,South,28.373715965394503,1.15650811568105,2,Left-Turn,No,Yes,Red,80,45,2,Evening,Monday,Rain,Yes,38,30,None
2024-03-02 10:47:00,8.76735,78.13425,12,Motorcycle,West,30.44477194106046,0.8951654856604557,2,Left-Turn,Yes,Yes,Red,80,5,30,Night,Friday,Snow,No,57,45,Road Closure
2024-07-01 14:03:00,8.76735,78.13425,34,Bus,South,10.267314084266006,1.4177836223711446,4,Right-Turn,Yes,Yes,Yellow,80,45,2,Night,Wednesday,Snow,No,51,45,Road Closure
2024-12-29 03:31:00,8.76735,78.13425,34,Car,East,60.4170020467898,1.3587481282319593,1,Right-Turn,Yes,No,Red,80,30,7,Morning,Tuesday,Rain,No,32,5,None
2024-12-01 13:05:00,8.76735,78.13425,2,Truck,East,72.87610307081104,0.5478339872239418,3,Through,No,Yes,Red,80,5,13,Evening,Tuesday,Clear,No,46,30,Road Closure
2024-01-31 06:23:00,8.76735,78.13425,49,Truck,North,16.156454669855385,0.6837618237474533,4,Through,No,No,Red,80,45,16,Night,Saturday,Rain,Yes,87,30,Road Closure
2024-04-24 20:32:00,8.76735,78.13425,45,Bicycle,West,51.03414943224306,0.9997272152029182,3,Left-Turn,No,No,Yellow,80,5,6,Night,Friday,Fog,Yes,80,30,Road Closure
2024-04-19 02:40:00,8.76735,78.13425,35,Car,East,27.465281677077485,1.1634159300459421,1,Through,Yes,Yes,Green,80,5,12,Evening,Thursday,Clear,Yes,39,45,None
2024-03-16 16:59:00,8.76735,78.13425,5,Bicycle,South,61.06632069993141,1.4346270046222587,4,Left-Turn,Yes,Yes,Green,80,45,20,Night,Wednesday,Snow,No,34,5,None
2024-02-18 15:47:00,8.76735,78.13425,19,Car,East,52.294950488225545,0.8214938098867413,2,Right-Turn,Yes,No,Green,80,30,8,Night,Saturday,Fog,Yes,36,5,None
2024-11-16 10:32:00,8.76735,78.13425,2,Bicycle,West,72.88257917907336,1.3263623180297195,2,Right-Turn,Yes,No,Yellow,80,5,16,Morning,Friday,Fog,No,65,45,Road Closure
2024-11-05 11:35:00,8.76735,78.13425,18,Bus,South,66.95383496597023,0.33367748060286595,3,Right-Turn,No,No,Red,80,5,24,Morning,Wednesday,Clear,Yes,12,45,Road Closure
2024-09-27 15:06:00,8.76735,78.13425,29,Bus,North,15.763695340527924,1.136837997479006,4,Right-Turn,No,Yes,Yellow,80,30,24,Night,Thursday,Clear,No,62,30,Accident
2024-04-14 14:05:00,8.76735,78.13425,25,Truck,East,68.19925939691845,0.19276954757447612,4,Through,Yes,Yes,Red,80,30,27,Morning,Wednesday,Clear,No,20,45,Road Closure
2024-03-02 20:38:00,8.76735,78.13425,49,Bicycle,West,32.90146466572804,1.4321072340271028,4,Left-Turn,No,No,Green,80,30,7,Afternoon,Saturday,Clear,No,59,45,Accident
2024-08-13 12:47:00,8.76735,78.13425,6,Car,South,77.7449723578078,0.24038611980166233,3,Left-Turn,No,Yes,Yellow,80,30,24,Evening,Tuesday,Clear,Yes,29,5,Accident
2024-02-23 01:53:00,8.76735,78.13425,10,Bicycle,East,26.06987058720628,0.24704493044233647,1,Left-Turn,Yes,No,Yellow,80,30,3,Afternoon,Wednesday,Clear,No,84,45,Road Closure
2024-01-06 23:12:00,8.76735,78.13425,30,Bus,South,48.23151390683877,0.4814891761494582,3,Right-Turn,No,Yes,Yellow,80,45,20,Evening,Tuesday,Fog,No,41,5,Accident
2024-08-30 10:21:00,8.76735,78.13425,12,Motorcycle,East,63.06663462680494,0.47553749997977324,2,Left-Turn,Yes,Yes,Green,80,45,10,Morning,Monday,Rain,Yes,6,30,Road Closure
2024-12-03 02:17:00,8.76735,78.13425,33,Bus,South,33.890071117096866,1.1287673801647258,1,Through,Yes,Yes,Green,80,5,2,Morning,Saturday,Rain,Yes,90,5,Road Closure
2024-03-27 09:33:00,8.76735,78.13425,16,Bus,North,40.78877355625049,0.8557918861647408,2,Left-Turn,No,No,Red,80,30,30,Night,Monday,Snow,Yes,32,30,Road Closure
2024-11-29 20:05:00,8.76735,78.13425,13,Bus,West,51.35045055033983,1.4255297271798106,4,Through,Yes,Yes,Green,80,30,9,Morning,Monday,Snow,No,29,45,None
2024-03-17 11:19:00,8.76735,78.13425,24,Motorcycle,West,78.6353986997151,0.7197583884343745,4,Right-Turn,Yes,No,Green,80,45,18,Evening,Friday,Fog,No,59,5,Road Closure
2024-11-27 19:58:00,8.76735,78.13425,22,Bicycle,North,62.52522241138884,0.5626574500454871,1,Right-Turn,Yes,No,Green,80,45,13,Morning,Tuesday,Fog,No,85,45,Road Closure
2024-05-11 10:17:00,8.76735,78.13425,15,Car,East,41.31762229634602,0.5265309625713935,3,Through,Yes,No,Yellow,80,45,24,Night,Thursday,Fog,Yes,13,30,None
2024-04-07 22:24:00,8.76735,78.13425,40,Bus,East,11.09765508014931,1.3356901511513848,1,Through,No,No,Red,80,45,19,Evening,Monday,Clear,Yes,62,30,Road Closure
2024-07-01 23:52:00,8.76735,78.13425,37,Bicycle,East,56.927988010481954,0.6981369793911907,4,Right-Turn,Yes,No,Red,80,30,1,Night,Thursday,Rain,No,36,45,Road Closure
2024-04-26 17:55:00,8.76735,78.13425,47,Bus,South,38.69606213696768,1.2887864487988612,4,Through,No,No,Red,80,5,19,Afternoon,Wednesday,Rain,Yes,96,30,Accident
2024-08-08 18:52:00,8.76735,78.13425,12,Motorcycle,West,61.185829218081345,0.6576551012201103,4,Through,No,Yes,Green,80,45,16,Evening,Thursday,Rain,Yes,36,5,Road Closure
2024-06-01 06:03:00,8.76735,78.13425,26,Bicycle,North,49.1666640136435,0.6654464337310465,2,Right-Turn,No,No,Yellow,80,45,0,Night,Monday,Snow,Yes,38,45,Road Closure
2024-09-24 08:14:00,8.76735,78.13425,3,Bicycle,East,58.79429366585653,1.4981939809291946,2,Through,Yes,Yes,Green,80,30,6,Afternoon,Friday,Fog,No,48,5,Road Closure
2024-09-03 02:36:00,8.76735,78.13425,37,Motorcycle,West,21.84932060789397,0.23578201656155165,1,Right-Turn,Yes,No,Green,80,30,0,Morning,Monday,Snow,Yes,39,5,Accident
2024-08-28 11:16:00,8.76735,78.13425,20,Car,East,18.886249995029115,0.8392983942733939,4,Left-Turn,No,Yes,Yellow,80,30,20,Afternoon,Wednesday,Fog,No,45,30,Accident
2024-11-11 15:48:00,8.76735,78.13425,10,Car,East,19.33336038081943,1.1927850026166638,3,Left-Turn,Yes,No,Green,80,45,7,Evening,Friday,Clear,Yes,78,45,Accident
2024-09-14 20:56:00,8.76735,78.13425,11,Truck,West,39.182946944536454,1.3592970189453093,2,Through,Yes,No,Red,80,30,21,Morning,Wednesday,Snow,Yes,13,5,Accident
2024-11-08 07:52:00,8.76735,78.13425,24,Bus,South,62.959114498152005,0.8825191534041831,3,Through,Yes,Yes,Yellow,80,30,18,Afternoon,Monday,Clear,No,83,30,Road Closure
2024-06-24 06:45:00,8.76735,78.13425,17,Bus,South,32.58041911998021,0.6608325696468127,1,Through,Yes,No,Green,80,30,10,Night,Friday,Snow,Yes,99,45,Road Closure
2024-04-28 18:30:00,8.76735,78.13425,30,Bicycle,South,25.649255016429073,1.4033616738492898,4,Through,Yes,Yes,Yellow,80,30,28,Afternoon,Thursday,Snow,Yes,92,45,Accident
2024-12-11 21:37:00,8.76735,78.13425,34,Car,East,56.12334188027337,0.9856877344314809,1,Left-Turn,Yes,No,Red,80,45,15,Night,Saturday,Rain,No,29,5,None
2024-12-20 12:06:00,8.76735,78.13425,33,Truck,North,31.908310538384008,1.3516819657028873,3,Through,Yes,No,Yellow,80,5,18,Evening,Thursday,Snow,No,5,5,Road Closure
2024-12-23 14:40:00,8.76735,78.13425,12,Truck,East,25.57771201206749,1.4651157983009122,3,Through,Yes,Yes,Yellow,80,30,19,Afternoon,Wednesday,Rain,Yes,79,5,None
2024-11-29 03:18:00,8.76735,78.13425,31,Motorcycle,East,44.424735252515056,0.6986211317742452,3,Through,Yes,No,Yellow,80,45,5,Morning,Wednesday,Snow,Yes,77,5,Accident
2024-07-05 00:17:00,8.76735,78.13425,4,Motorcycle,East,61.43490895357862,1.3401190772878877,3,Right-Turn,Yes,Yes,Yellow,80,45,2,Morning,Friday,Clear,Yes,7,30,Road Closure
2024-05-09 13:47:00,8.76735,78.13425,26,Truck,East,62.17784781212249,0.6798595050913979,2,Left-Turn,Yes,No,Green,80,45,11,Evening,Monday,Clear,No,6,5,Accident
2024-02-11 23:57:00,8.76735,78.13425,10,Car,West,14.25563165598501,1.0075455081106754,2,Through,No,Yes,Red,80,45,9,Afternoon,Wednesday,Fog,No,86,30,Accident
2024-07-27 01:54:00,8.76735,78.13425,27,Motorcycle,West,47.2458494283354,1.1207009935739078,1,Left-Turn,Yes,Yes,Red,80,5,18,Evening,Saturday,Rain,No,38,45,Road Closure
2024-10-01 14:01:00,8.76735,78.13425,42,Bus,East,52.75087187503776,1.485658425447914,3,Left-Turn,Yes,Yes,Red,80,45,11,Afternoon,Tuesday,Snow,Yes,7,45,Road Closure
2024-04-20 08:47:00,8.76735,78.13425,29,Bicycle,West,78.21238961225454,0.42352324029995203,2,Through,No,No,Green,80,30,10,Evening,Tuesday,Rain,No,44,5,Accident
2024-10-02 20:31:00,8.76735,78.13425,9,Motorcycle,West,16.134843859761325,0.4926810150739185,2,Through,No,No,Green,80,45,29,Night,Thursday,Fog,Yes,47,30,Road Closure
2024-10-07 11:50:00,8.76735,78.13425,28,Car,East,16.624638690224174,0.16793550875422064,4,Through,No,Yes,Yellow,80,5,8,Evening,Tuesday,Clear,Yes,98,45,Accident
2024-04-08 17:21:00,8.76735,78.13425,43,Bicycle,North,10.934386581930099,0.9489624966883871,4,Through,No,No,Yellow,80,5,8,Morning,Monday,Clear,Yes,25,30,Road Closure
2024-01-10 01:52:00,8.76735,78.13425,46,Truck,East,24.622316702783856,1.0344752655725888,4,Through,Yes,No,Red,80,45,0,Evening,Wednesday,Rain,No,95,45,None
2024-05-22 00:25:00,8.76735,78.13425,22,Motorcycle,West,10.533147800122835,0.6168826025976369,3,Right-Turn,Yes,No,Yellow,80,5,19,Morning,Thursday,Fog,Yes,39,30,Road Closure
2024-10-16 21:53:00,8.76735,78.13425,20,Bus,South,46.85274356316353,1.02677836606167,3,Left-Turn,Yes,Yes,Yellow,80,30,7,Afternoon,Tuesday,Clear,Yes,8,5,None
2024-11-17 11:58:00,8.76735,78.13425,9,Motorcycle,North,75.39081513092482,0.5705636927073877,2,Through,No,No,Green,80,30,2,Evening,Tuesday,Clear,No,65,30,Road Closure
2024-02-09 08:28:00,8.76735,78.13425,50,Bicycle,North,25.247419843217465,1.2632368142251913,4,Left-Turn,No,No,Green,80,5,14,Evening,Thursday,Snow,No,34,5,None
2024-09-18 11:25:00,8.76735,78.13425,28,Motorcycle,East,55.75122300136829,1.127462678703358,3,Right-Turn,No,Yes,Red,80,30,23,Morning,Monday,Snow,Yes,10,45,Road Closure
2024-05-03 03:11:00,8.76735,78.13425,50,Bus,West,11.91828423131698,1.422345356547275,2,Through,No,Yes,Green,80,45,26,Night,Wednesday,Rain,Yes,67,5,None
2024-11-29 04:57:00,8.76735,78.13425,18,Truck,East,13.576743983236103,1.016514651083571,2,Through,No,No,Red,80,5,1,Afternoon,Friday,Clear,No,27,5,Road Closure
2024-03-04 22:02:00,8.76735,78.13425,36,Truck,East,14.586764333023003,0.3705359094498394,3,Left-Turn,Yes,No,Green,80,45,27,Afternoon,Saturday,Clear,No,93,45,Road Closure
2024-09-07 13:13:00,8.76735,78.13425,46,Car,West,74.6943123176574,1.3483900784939142,4,Left-Turn,Yes,No,Yellow,80,30,14,Evening,Monday,Fog,No,36,45,None
2024-07-21 04:22:00,8.76735,78.13425,30,Motorcycle,North,17.59697800272992,1.1782381507124928,4,Through,No,No,Green,80,30,18,Morning,Monday,Fog,No,14,5,None
2024-07-19 08:22:00,8.76735,78.13425,15,Car,East,74.1777676008487,0.3071095381225769,2,Through,Yes,Yes,Green,80,45,1,Afternoon,Sunday,Clear,Yes,93,30,Accident
2024-12-06 16:54:00,8.76735,78.13425,23,Car,North,43.35751276528264,0.633564597258437,4,Right-Turn,No,Yes,Red,80,5,22,Afternoon,Sunday,Clear,Yes,81,5,Road Closure
2024-11-21 16:01:00,8.76735,78.13425,46,Bus,South,24.190636194189658,1.1178579361873424,2,Right-Turn,Yes,No,Yellow,80,5,1,Night,Sunday,Snow,No,7,5,Accident
2024-10-23 08:47:00,8.76735,78.13425,44,Truck,West,76.03154738401899,0.4946481525057085,3,Through,Yes,Yes,Red,80,30,19,Afternoon,Tuesday,Snow,Yes,44,45,None
2024-09-02 12:26:00,8.76735,78.13425,29,Bus,East,51.94027780330841,1.3113925056395481,3,Left-Turn,Yes,Yes,Red,80,45,16,Evening,Sunday,Snow,Yes,60,30,Accident
2024-06-22 12:03:00,8.76735,78.13425,5,Bus,West,65.1480910543643,0.9341796610216689,1,Right-Turn,Yes,No,Yellow,80,30,13,Morning,Sunday,Snow,Yes,5,45,Accident
2024-01-24 20:44:00,8.76735,78.13425,1,Truck,North,35.414613453785236,0.9941884281551381,2,Right-Turn,No,No,Green,80,45,4,Afternoon,Saturday,Rain,No,75,45,None
2024-04-21 14:16:00,8.76735,78.13425,32,Truck,North,69.00630602604937,1.3528890957967374,4,Right-Turn,Yes,No,Yellow,80,5,25,Evening,Saturday,Fog,Yes,47,5,Accident
2024-09-01 15:59:00,8.76735,78.13425,9,Bicycle,West,30.54656247745675,0.2615803046149569,1,Left-Turn,No,Yes,Red,80,5,30,Afternoon,Sunday,Rain,Yes,31,30,Road Closure
2024-10-28 15:33:00,8.76735,78.13425,32,Motorcycle,East,50.00580931599159,1.4500716822041766,3,Through,No,Yes,Yellow,80,45,19,Evening,Wednesday,Rain,No,16,45,None
2024-08-02 14:43:00,8.76735,78.13425,14,Truck,South,70.62907059620518,1.4903457632167727,3,Left-Turn,Yes,Yes,Green,80,45,1,Evening,Wednesday,Rain,Yes,82,30,Road Closure
2024-04-24 08:15:00,8.76735,78.13425,35,Car,North,79.4657000056759,0.43720034731259394,1,Through,Yes,Yes,Red,80,5,18,Night,Monday,Rain,No,30,30,Accident
2024-01-31 05:56:00,8.76735,78.13425,7,Truck,South,16.291979929307463,0.8639264335686138,1,Through,No,Yes,Yellow,80,30,2,Afternoon,Monday,Snow,No,10,5,Accident
2024-10-05 19:34:00,8.76735,78.13425,9,Motorcycle,South,66.07534610728234,1.02153001632738,4,Right-Turn,Yes,Yes,Yellow,80,45,22,Afternoon,Friday,Fog,No,77,30,None
2024-03-15 13:14:00,8.76735,78.13425,50,Motorcycle,East,64.43372830356613,0.3008885225904762,3,Left-Turn,Yes,No,Green,80,30,16,Evening,Saturday,Clear,No,38,45,Accident
2024-05-04 01:09:00,8.76735,78.13425,46,Car,East,56.232438293993866,0.8448664410586167,2,Left-Turn,Yes,Yes,Yellow,80,5,23,Evening,Saturday,Clear,Yes,7,45,None
2024-10-17 06:54:00,8.76735,78.13425,41,Bicycle,West,51.09117579436117,1.3487356628926184,4,Left-Turn,No,Yes,Yellow,80,30,18,Afternoon,Tuesday,Clear,No,92,5,Road Closure
2024-08-14 20:39:00,8.76735,78.13425,11,Truck,East,34.914713957578684,0.13726107685419503,1,Right-Turn,Yes,Yes,Red,80,30,15,Evening,Tuesday,Snow,Yes,36,30,Road Closure
2024-11-17 04:40:00,8.76735,78.13425,20,Motorcycle,North,48.923436254529214,0.8113978186764175,3,Right-Turn,Yes,Yes,Red,80,45,14,Evening,Tuesday,Snow,Yes,62,30,Road Closure
2024-05-28 13:25:00,8.76735,78.13425,10,Car,North,57.30478978799201,1.1789670887920292,3,Left-Turn,No,Yes,Green,80,45,6,Afternoon,Thursday,Clear,No,75,5,None
2024-03-10 19:29:00,8.76735,78.13425,24,Motorcycle,East,17.843328402216265,0.8016972924920107,3,Left-Turn,No,No,Yellow,80,30,9,Evening,Wednesday,Rain,No,37,45,Accident
2024-10-21 07:27:00,8.76735,78.13425,30,Bus,North,61.78277806896314,0.8201355330271315,3,Left-Turn,Yes,Yes,Red,80,30,0,Morning,Wednesday,Rain,Yes,13,30,None
2024-08-14 15:39:00,8.76735,78.13425,12,Truck,South,63.07342670463556,0.9011619070440019,3,Left-Turn,Yes,No,Red,80,30,2,Afternoon,Thursday,Snow,Yes,69,5,Accident
2024-10-19 15:51:00,8.76735,78.13425,28,Car,East,24.96470071680302,0.9777620728123457,4,Right-Turn,Yes,No,Yellow,80,30,12,Afternoon,Saturday,Snow,No,62,30,Road Closure
2024-08-29 17:24:00,8.76735,78.13425,43,Motorcycle,East,33.03871407476028,1.2151119608077863,4,Through,No,No,Green,80,30,9,Evening,Wednesday,Fog,No,34,30,Accident
2024-07-23 15:51:00,8.76735,78.13425,50,Truck,North,77.06991401296527,0.7519926137144519,1,Through,No,No,Green,80,45,17,Evening,Friday,Fog,Yes,80,5,Road Closure
2024-10-05 12:04:00,8.76735,78.13425,33,Car,South,68.70074092103678,0.5257730486667214,2,Left-Turn,No,No,Yellow,80,45,3,Evening,Friday,Snow,Yes,94,30,Road Closure
2024-07-11 16:43:00,8.76735,78.13425,13,Bicycle,South,11.591446438658448,0.8781077835833657,2,Through,Yes,No,Red,80,45,15,Night,Tuesday,Rain,No,93,30,Road Closure
2024-08-13 23:30:00,8.76735,78.13425,4,Motorcycle,South,56.21715284691833,0.35696851833221965,3,Through,No,No,Green,80,45,29,Morning,Sunday,Clear,No,89,30,Road Closure
2024-06-26 18:12:00,8.76735,78.13425,27,Truck,North,73.40961285025074,0.45931488502016793,2,Left-Turn,Yes,No,Yellow,80,5,19,Evening,Friday,Rain,No,46,5,Accident
2024-05-25 11:27:00,8.76735,78.13425,5,Truck,East,64.42861993105333,1.3760339746232244,4,Right-Turn,Yes,Yes,Yellow,80,30,1,Morning,Tuesday,Rain,Yes,41,30,Accident
2024-02-04 06:17:00,8.76735,78.13425,48,Bicycle,East,25.371424148794397,1.3585501594229306,4,Left-Turn,Yes,No,Red,80,30,27,Evening,Sunday,Rain,Yes,28,5,Accident
2024-08-22 18:00:00,8.76735,78.13425,33,Bus,East,13.228248822394132,0.1339709104197196,3,Right-Turn,Yes,Yes,Yellow,80,30,4,Evening,Friday,Fog,Yes,63,45,Road Closure
2024-02-12 23:10:00,8.76735,78.13425,6,Car,West,10.012046327829546,0.8065652179724493,2,Through,Yes,No,Red,80,5,1,Morning,Wednesday,Rain,No,54,5,Accident
2024-01-23 02:01:00,8.76735,78.13425,16,Motorcycle,North,28.36712014376881,1.0686763815267162,2,Through,Yes,Yes,Yellow,80,30,3,Morning,Saturday,Fog,Yes,66,45,None
2024-04-24 06:42:00,8.76735,78.13425,13,Truck,East,33.211465915949525,1.002792296754134,1,Right-Turn,No,No,Red,80,45,22,Night,Thursday,Fog,No,15,5,Accident
2024-03-16 16:44:00,8.76735,78.13425,29,Bicycle,West,44.4328208444754,0.988456934954646,2,Left-Turn,No,Yes,Yellow,80,5,9,Morning,Thursday,Fog,Yes,87,45,Accident
2024-01-05 10:37:00,8.76735,78.13425,3,Motorcycle,West,27.969764555988572,1.1579083453116934,4,Left-Turn,Yes,Yes,Yellow,80,30,0,Morning,Monday,Rain,Yes,99,30,Accident
2024-01-29 08:25:00,8.76735,78.13425,26,Truck,East,51.57287811282596,0.7285500113375117,1,Right-Turn,Yes,No,Red,80,30,19,Night,Sunday,Snow,Yes,6,5,Accident
2024-05-18 22:55:00,8.76735,78.13425,34,Motorcycle,East,16.980831216428218,0.4710413637856724,1,Left-Turn,No,No,Red,80,30,30,Night,Monday,Clear,No,36,30,Road Closure
2024-02-27 08:02:00,8.76735,78.13425,20,Motorcycle,North,71.06157470050756,0.31885896725397006,3,Through,Yes,No,Yellow,80,30,28,Afternoon,Wednesday,Rain,Yes,86,5,Accident
2024-06-10 23:53:00,8.76735,78.13425,1,Car,South,58.35655839461469,1.1228601707017134,1,Right-Turn,No,No,Yellow,80,45,2,Morning,Tuesday,Rain,No,90,30,Accident
2024-10-05 19:55:00,8.76735,78.13425,1,Truck,East,37.347305216425895,0.6197865218354812,3,Right-Turn,Yes,No,Red,80,5,2,Night,Thursday,Fog,Yes,99,45,Road Closure
2024-02-17 12:27:00,8.76735,78.13425,36,Car,West,39.62164092449869,0.7263183200919937,1,Right-Turn,Yes,Yes,Yellow,80,45,9,Morning,Monday,Clear,Yes,64,5,None
2024-03-22 12:48:00,8.76735,78.13425,20,Bicycle,West,64.20417331910141,0.2232443475049019,2,Left-Turn,Yes,Yes,Red,80,5,29,Afternoon,Monday,Clear,No,30,45,None
2024-06-18 16:00:00,8.76735,78.13425,22,Bicycle,East,76.52782627319098,0.4343726422233999,2,Through,No,Yes,Yellow,80,5,9,Morning,Friday,Snow,Yes,82,30,Road Closure
2024-12-22 00:11:00,8.76735,78.13425,25,Motorcycle,South,73.33550712242408,0.9378458480018791,3,Through,Yes,No,Green,80,45,27,Afternoon,Friday,Clear,Yes,23,30,Road Closure
2024-04-20 07:23:00,8.76735,78.13425,15,Bus,East,74.30512888759975,0.9385274344942157,3,Right-Turn,Yes,No,Red,80,5,1,Evening,Wednesday,Rain,Yes,44,30,None
2024-02-03 22:51:00,8.76735,78.13425,42,Car,West,39.46492654037421,1.2870388647003486,2,Left-Turn,Yes,No,Red,80,45,13,Morning,Monday,Clear,Yes,48,30,None
2024-08-19 19:49:00,8.76735,78.13425,17,Truck,North,69.1539011008996,0.9658022232300858,3,Through,No,No,Green,80,45,9,Evening,Saturday,Fog,Yes,47,30,Road Closure
2024-09-08 06:50:00,8.76735,78.13425,35,Truck,West,65.06373819226519,1.0992115610930215,4,Through,No,No,Green,80,5,0,Evening,Sunday,Rain,Yes,18,30,Road Closure
2024-09-30 15:43:00,8.76735,78.13425,10,Bicycle,North,30.408027050959042,0.44469305976684714,2,Through,Yes,Yes,Red,80,45,0,Evening,Thursday,Fog,Yes,77,30,Road Closure
2024-10-30 05:10:00,8.76735,78.13425,44,Motorcycle,East,24.083453485005084,1.0840372856958918,3,Through,Yes,No,Green,80,5,12,Afternoon,Tuesday,Snow,No,87,30,Accident
2024-04-09 15:40:00,8.76735,78.13425,31,Bicycle,North,28.30319116733215,0.5724030695395939,4,Left-Turn,No,No,Yellow,80,5,19,Morning,Friday,Clear,Yes,55,45,Accident
2024-02-02 02:45:00,8.76735,78.13425,32,Motorcycle,South,57.66375221304691,0.3559916343226812,4,Through,Yes,Yes,Yellow,80,30,0,Evening,Wednesday,Fog,No,61,30,None
2024-10-15 17:54:00,8.76735,78.13425,42,Bicycle,North,78.78367462904244,0.15902373948188303,2,Left-Turn,No,No,Yellow,80,5,15,Afternoon,Wednesday,Fog,Yes,45,30,Accident
2024-04-03 07:14:00,8.76735,78.13425,9,Truck,South,31.613606003950206,0.28667873665842913,1,Right-Turn,No,Yes,Yellow,80,30,28,Evening,Wednesday,Snow,No,14,5,Accident
2024-09-04 18:44:00,8.76735,78.13425,30,Truck,West,51.029291341563805,0.8436849733463307,1,Left-Turn,Yes,No,Green,80,5,2,Evening,Tuesday,Snow,No,51,45,Road Closure
2024-08-24 03:52:00,8.76735,78.13425,23,Bus,South,36.1881152940777,0.9396699808722373,1,Through,No,Yes,Red,80,5,19,Morning,Sunday,Fog,No,58,5,Accident
2024-11-01 05:54:00,8.76735,78.13425,30,Bus,East,13.373067106995748,0.7022088304931522,2,Left-Turn,No,No,Green,80,30,3,Morning,Sunday,Fog,Yes,42,45,Road Closure
2024-12-26 12:27:00,8.76735,78.13425,39,Car,South,72.08309617488416,0.9790440111132782,1,Left-Turn,Yes,Yes,Green,80,45,10,Evening,Friday,Rain,No,54,5,Accident
2024-03-08 04:03:00,8.76735,78.13425,37,Motorcycle,North,63.338133969933054,0.8767493995870554,1,Through,Yes,No,Yellow,80,30,29,Afternoon,Tuesday,Snow,Yes,29,30,None
2024-11-10 15:33:00,8.76735,78.13425,46,Car,East,71.85969286130144,0.5036025297469452,1,Left-Turn,No,Yes,Red,80,30,11,Morning,Sunday,Clear,Yes,99,30,Road Closure
2024-11-26 03:20:00,8.76735,78.13425,19,Car,South,43.969098416026355,1.4204764836496626,3,Right-Turn,Yes,No,Green,80,5,10,Afternoon,Friday,Clear,No,13,5,None
2024-07-09 00:07:00,8.76735,78.13425,40,Truck,South,67.219005154526,1.4179036428953065,4,Left-Turn,Yes,Yes,Red,80,30,0,Afternoon,Sunday,Snow,Yes,92,5,Road Closure
2024-07-22 16:11:00,8.76735,78.13425,11,Car,North,27.632049034470032,1.4471343064513371,1,Left-Turn,Yes,No,Red,80,30,0,Morning,Sunday,Clear,No,100,30,None
2024-02-26 06:03:00,8.76735,78.13425,25,Bicycle,South,36.15713143115659,0.42430346632054805,3,Left-Turn,Yes,No,Yellow,80,5,16,Morning,Saturday,Clear,Yes,83,45,Accident
2024-07-29 10:11:00,8.76735,78.13425,4,Bicycle,North,35.38156916963336,0.4663884224959932,2,Through,Yes,Yes,Green,80,5,10,Night,Saturday,Snow,No,61,45,None
2024-09-05 11:30:00,8.76735,78.13425,4,Car,East,77.18948108385135,0.6306785914972975,2,Left-Turn,Yes,Yes,Green,80,30,17,Afternoon,Tuesday,Rain,Yes,80,45,Accident
2024-04-30 12:46:00,8.76735,78.13425,19,Truck,South,61.29142973409333,1.4931703281364266,3,Right-Turn,No,Yes,Red,80,5,11,Evening,Friday,Clear,No,30,30,Road Closure
2024-12-26 20:15:00,8.76735,78.13425,44,Motorcycle,South,21.793767854710083,0.8905115182368725,4,Through,Yes,Yes,Green,80,5,27,Evening,Thursday,Fog,No,31,5,Accident
2024-04-22 08:02:00,8.76735,78.13425,39,Car,East,12.019406646931897,0.786774048755986,3,Left-Turn,No,Yes,Green,80,30,17,Morning,Wednesday,Clear,Yes,96,30,Accident
2024-08-26 00:09:00,8.76735,78.13425,6,Bus,South,21.966800219874617,0.4023966676908096,2,Right-Turn,No,No,Yellow,80,45,9,Morning,Thursday,Clear,No,45,30,Road Closure
2024-07-11 19:51:00,8.76735,78.13425,43,Bicycle,North,25.118196629428407,1.0908457551554,4,Right-Turn,Yes,No,Red,80,30,26,Evening,Thursday,Rain,No,48,45,None
2024-05-17 08:33:00,8.76735,78.13425,21,Motorcycle,East,37.49852713772378,0.14317358226392898,3,Through,Yes,Yes,Green,80,30,11,Afternoon,Sunday,Fog,No,54,5,None
2024-08-07 12:16:00,8.76735,78.13425,24,Motorcycle,North,68.58732609026808,1.3858354172353056,1,Through,No,No,Red,80,45,4,Morning,Saturday,Fog,Yes,33,30,None
2024-04-15 04:25:00,8.76735,78.13425,39,Bicycle,East,32.0379854059682,0.7178177354322135,1,Through,No,No,Red,80,30,1,Afternoon,Tuesday,Fog,Yes,33,30,Road Closure
2024-11-17 12:18:00,8.76735,78.13425,21,Motorcycle,East,39.16391979650436,0.13225467239972016,4,Left-Turn,No,No,Red,80,45,16,Night,Saturday,Clear,No,18,45,Road Closure
2024-07-30 17:53:00,8.76735,78.13425,1,Car,East,69.56356111347351,0.29961185399202506,2,Left-Turn,No,Yes,Green,80,30,11,Morning,Tuesday,Clear,No,26,5,Accident
2024-06-26 09:55:00,8.76735,78.13425,8,Bus,North,75.4237541622681,0.7569018390768623,2,Right-Turn,No,No,Green,80,30,24,Evening,Sunday,Clear,Yes,99,30,Accident
2024-06-30 12:30:00,8.76735,78.13425,8,Truck,South,41.730315658716705,1.421342470263212,1,Through,No,Yes,Green,80,30,21,Morning,Tuesday,Fog,No,55,30,Road Closure
2024-01-16 05:43:00,8.76735,78.13425,16,Truck,West,58.438839673512454,0.4816676262757442,3,Right-Turn,No,No,Green,80,5,24,Evening,Saturday,Rain,No,10,5,Road Closure
2024-06-11 05:56:00,8.76735,78.13425,12,Car,East,48.320378482580956,0.524129535897089,4,Right-Turn,Yes,Yes,Yellow,80,30,27,Evening,Thursday,Rain,Yes,20,30,None
2024-01-16 18:00:00,8.76735,78.13425,15,Truck,South,57.454920836566025,1.0336581620922178,4,Through,No,No,Red,80,5,27,Morning,Thursday,Fog,Yes,76,45,None
2024-05-30 02:59:00,8.76735,78.13425,5,Bus,North,28.719216567988802,0.5912324686162262,2,Left-Turn,No,No,Red,80,30,14,Night,Sunday,Snow,No,33,30,None
2024-02-04 09:50:00,8.76735,78.13425,31,Motorcycle,West,56.92892575330038,1.4045562344809879,3,Through,Yes,Yes,Red,80,45,14,Afternoon,Sunday,Rain,Yes,100,5,Road Closure
2024-08-18 11:30:00,8.76735,78.13425,12,Car,North,52.5516674482579,1.4469688660710809,3,Through,No,No,Yellow,80,45,30,Evening,Thursday,Fog,Yes,63,45,None
2024-05-06 18:17:00,8.76735,78.13425,1,Motorcycle,West,12.825591420946331,0.1510405628114232,1,Through,Yes,No,Red,80,45,24,Night,Wednesday,Fog,Yes,38,5,Road Closure
2024-09-22 22:35:00,8.76735,78.13425,47,Bicycle,South,43.63693534691853,0.3113618577478765,4,Through,Yes,Yes,Green,80,5,19,Afternoon,Friday,Clear,Yes,10,30,None
2024-07-06 16:40:00,8.76735,78.13425,31,Motorcycle,South,17.0193046418011,1.2350760045084004,1,Left-Turn,Yes,Yes,Green,80,5,22,Morning,Tuesday,Rain,Yes,32,5,Road Closure
2024-01-05 01:43:00,8.76735,78.13425,16,Motorcycle,West,34.37154319010661,0.313872515423969,4,Through,No,Yes,Yellow,80,45,18,Evening,Sunday,Fog,No,8,30,None
2024-12-16 01:50:00,8.76735,78.13425,43,Bus,East,21.46436562206145,1.0902967707917717,1,Through,Yes,Yes,Yellow,80,45,7,Evening,Friday,Fog,Yes,7,5,Road Closure
2024-12-19 00:12:00,8.76735,78.13425,17,Car,East,38.633399871103904,0.8769348878935546,2,Left-Turn,No,Yes,Yellow,80,5,14,Afternoon,Thursday,Clear,Yes,63,30,None
2024-12-10 13:34:00,8.76735,78.13425,4,Bus,South,55.37931482777537,1.3644476065401578,4,Right-Turn,No,No,Red,80,45,15,Morning,Friday,Snow,Yes,50,45,None
2024-06-14 10:31:00,8.76735,78.13425,34,Truck,North,28.246357849136,0.5535860929964037,3,Through,No,Yes,Yellow,80,30,18,Evening,Monday,Clear,No,60,30,Accident
2024-08-02 15:52:00,8.76735,78.13425,2,Motorcycle,West,40.149715523143016,1.4976595318851067,1,Right-Turn,No,Yes,Red,80,5,8,Night,Sunday,Snow,No,29,5,Accident
2024-04-04 07:19:00,8.76735,78.13425,33,Motorcycle,East,74.33313199822827,0.8489625037522935,3,Right-Turn,Yes,No,Green,80,30,14,Evening,Thursday,Fog,Yes,13,5,Road Closure
2024-03-21 08:43:00,8.76735,78.13425,36,Motorcycle,North,26.363431037169164,0.7255815913490632,1,Left-Turn,Yes,No,Green,80,45,18,Evening,Thursday,Fog,Yes,64,30,None
2024-07-21 00:34:00,8.76735,78.13425,50,Bus,South,54.815275088054925,0.15782305439919528,3,Through,Yes,Yes,Yellow,80,5,28,Afternoon,Sunday,Snow,No,63,45,Road Closure
2024-03-09 05:16:00,8.76735,78.13425,39,Truck,North,77.83551856028187,0.4682090581838816,2,Through,No,Yes,Green,80,45,9,Morning,Wednesday,Fog,No,34,45,Road Closure
2024-06-27 10:37:00,8.76735,78.13425,17,Motorcycle,West,52.385642906743605,1.1077445258487413,3,Left-Turn,Yes,Yes,Red,80,45,25,Night,Friday,Clear,Yes,21,45,None
2024-09-14 13:40:00,8.76735,78.13425,39,Bus,North,45.60077934678844,1.022218244742512,4,Left-Turn,Yes,Yes,Red,80,45,4,Evening,Thursday,Snow,No,6,30,Accident
2024-06-09 15:36:00,8.76735,78.13425,30,Car,East,45.2388170311263,0.4610650078319546,4,Through,No,No,Green,80,30,0,Evening,Saturday,Snow,No,30,5,Road Closure
2024-12-13 05:00:00,8.76735,78.13425,9,Bus,East,76.07451870699529,0.8172381951999053,2,Right-Turn,Yes,Yes,Red,80,5,30,Morning,Sunday,Snow,No,45,45,Road Closure
2024-12-07 06:38:00,8.76735,78.13425,20,Car,East,57.26343145770681,0.9822038004799659,4,Left-Turn,No,No,Green,80,30,23,Morning,Friday,Fog,No,15,5,Road Closure
2024-04-03 18:53:00,8.76735,78.13425,39,Bus,East,53.96717074927568,1.4038959007047396,4,Right-Turn,No,No,Green,80,5,9,Morning,Monday,Clear,No,71,30,Road Closure
2024-04-08 09:51:00,8.76735,78.13425,24,Bicycle,East,12.309452160445554,1.3049285279614942,3,Through,Yes,No,Green,80,45,16,Night,Tuesday,Snow,Yes,24,30,Accident
2024-08-29 20:08:00,8.76735,78.13425,46,Bicycle,South,20.732435678685796,0.7483691605652402,4,Right-Turn,No,Yes,Yellow,80,30,10,Morning,Sunday,Snow,Yes,67,45,Accident
2024-10-21 12:37:00,8.76735,78.13425,26,Bicycle,South,43.392292154858325,0.840357087278198,2,Through,Yes,Yes,Green,80,30,7,Afternoon,Thursday,Fog,No,11,45,Accident
2024-07-01 12:49:00,8.76735,78.13425,11,Car,West,25.793822875641673,1.0828532631717875,4,Through,No,No,Yellow,80,30,11,Night,Sunday,Clear,Yes,14,5,None
2024-05-04 18:44:00,8.76735,78.13425,47,Bicycle,South,66.42159192717631,1.375399489495411,1,Right-Turn,Yes,No,Yellow,80,5,14,Evening,Wednesday,Fog,Yes,77,30,Accident
2024-07-08 10:19:00,8.76735,78.13425,4,Motorcycle,West,16.149673435610925,0.38811184521389097,2,Left-Turn,No,No,Red,80,45,27,Afternoon,Sunday,Rain,No,69,30,Accident
2024-06-27 09:09:00,8.76735,78.13425,49,Bicycle,East,60.65080747418133,1.2055928104155824,1,Left-Turn,Yes,Yes,Red,80,5,0,Evening,Saturday,Snow,No,25,45,Accident
2024-10-15 11:58:00,8.76735,78.13425,23,Motorcycle,West,22.60887489198208,0.40868421549427114,2,Through,Yes,No,Red,80,5,6,Night,Monday,Fog,No,92,45,Road Closure
2024-05-02 13:04:00,8.76735,78.13425,34,Bus,East,69.07330220578498,0.10152023079991426,4,Through,No,No,Red,80,30,24,Afternoon,Sunday,Snow,No,30,5,Accident
2024-10-13 08:31:00,8.76735,78.13425,30,Bicycle,West,32.706856771419396,0.9025701396929692,2,Right-Turn,Yes,No,Yellow,80,5,2,Morning,Saturday,Snow,Yes,43,30,Accident
2024-02-12 04:19:00,8.76735,78.13425,33,Motorcycle,East,25.29657942846904,1.4962866256712286,3,Right-Turn,Yes,Yes,Green,80,30,10,Morning,Sunday,Fog,Yes,69,30,Accident
2024-05-14 14:04:00,8.76735,78.13425,44,Bicycle,East,40.46480997815068,0.7428694656780213,1,Left-Turn,No,No,Green,80,5,12,Evening,Saturday,Rain,No,91,5,Road Closure
2024-05-25 03:53:00,8.76735,78.13425,43,Bicycle,West,21.474162723998077,0.5875602212137128,2,Left-Turn,Yes,Yes,Yellow,80,5,4,Evening,Tuesday,Fog,Yes,73,30,None
2024-01-04 10:47:00,8.76735,78.13425,45,Car,East,21.7553667527176,1.1899950450490737,3,Right-Turn,No,No,Red,80,45,14,Night,Saturday,Snow,Yes,78,45,None
2024-10-29 08:06:00,8.76735,78.13425,47,Truck,East,11.526649435733221,0.743915898048729,1,Right-Turn,No,Yes,Green,80,30,25,Night,Tuesday,Rain,Yes,66,45,Road Closure
2024-09-06 17:09:00,8.76735,78.13425,27,Truck,West,72.4880846913843,1.2177879185721114,1,Right-Turn,No,No,Green,80,30,25,Afternoon,Saturday,Fog,Yes,83,30,Road Closure
2024-05-13 16:59:00,8.76735,78.13425,47,Bicycle,West,18.72193286904193,0.9992356230033023,4,Right-Turn,Yes,No,Green,80,45,25,Night,Friday,Rain,Yes,42,5,Accident
2024-03-16 16:01:00,8.76735,78.13425,39,Bicycle,West,30.244494412399156,0.7623760571933436,2,Through,Yes,Yes,Red,80,30,14,Evening,Friday,Fog,Yes,22,45,Road Closure
2024-10-16 08:54:00,8.76735,78.13425,7,Motorcycle,South,61.1144887896819,0.4329067453019415,3,Right-Turn,No,Yes,Green,80,30,9,Night,Tuesday,Fog,Yes,25,45,Road Closure
2024-02-13 16:52:00,8.76735,78.13425,42,Bus,East,61.97464254453855,1.2704135986699328,1,Through,No,No,Yellow,80,30,13,Night,Thursday,Snow,Yes,21,5,Road Closure
2024-10-17 14:25:00,8.76735,78.13425,35,Truck,South,51.22110767321671,0.5233070011910468,4,Left-Turn,Yes,No,Yellow,80,5,20,Afternoon,Sunday,Clear,No,6,30,None
2024-11-18 03:16:00,8.76735,78.13425,39,Motorcycle,North,38.18089091288793,0.21975303658565887,2,Through,No,Yes,Green,80,5,15,Morning,Friday,Snow,Yes,62,5,Accident
2024-10-09 09:27:00,8.76735,78.13425,7,Truck,West,20.316363157772653,0.3670574128502333,2,Right-Turn,No,No,Red,80,5,10,Night,Thursday,Fog,Yes,27,30,Road Closure
2024-02-04 06:57:00,8.76735,78.13425,18,Bicycle,East,78.65468586481555,0.7900888252942561,4,Left-Turn,Yes,Yes,Green,80,45,4,Morning,Wednesday,Snow,Yes,40,5,None
2024-02-28 10:01:00,8.76735,78.13425,3,Truck,North,23.741932826512922,0.23025224552806328,3,Through,No,Yes,Red,80,45,8,Morning,Thursday,Rain,No,77,30,Road Closure
2024-04-24 12:53:00,8.76735,78.13425,40,Truck,East,40.32633467663881,0.19027616599758682,4,Through,Yes,No,Red,80,45,12,Morning,Wednesday,Clear,No,72,5,None
2024-09-02 05:58:00,8.76735,78.13425,25,Motorcycle,East,69.14951308118899,0.3680101287003127,4,Right-Turn,No,No,Red,80,5,12,Morning,Sunday,Snow,No,45,5,Accident
2024-06-07 19:24:00,8.76735,78.13425,40,Motorcycle,South,43.74738170754154,0.3551373743311713,3,Right-Turn,No,Yes,Green,80,30,25,Night,Monday,Snow,No,45,30,Accident
2024-04-30 18:05:00,8.76735,78.13425,29,Bus,North,38.20020607999402,1.492398164502989,1,Through,No,No,Green,80,30,17,Evening,Saturday,Clear,No,32,5,Road Closure
2024-08-20 16:40:00,8.76735,78.13425,7,Car,South,52.3332687265906,0.8804637788323004,3,Right-Turn,No,No,Red,80,5,0,Evening,Thursday,Clear,Yes,50,45,Road Closure
2024-12-13 03:55:00,8.76735,78.13425,2,Bus,West,47.03766737162557,0.5899721616719451,4,Left-Turn,Yes,No,Green,80,5,14,Evening,Tuesday,Rain,Yes,81,45,Accident
2024-05-09 14:17:00,8.76735,78.13425,34,Bus,East,27.345798581599507,0.40078756573384744,2,Left-Turn,Yes,No,Yellow,80,45,4,Afternoon,Friday,Clear,No,37,45,Road Closure
2024-10-31 07:22:00,8.76735,78.13425,2,Car,South,79.14557186697127,0.922803254222048,3,Right-Turn,Yes,Yes,Green,80,5,4,Night,Saturday,Snow,No,55,30,Accident
2024-10-17 22:06:00,8.76735,78.13425,8,Bus,West,26.828320574801506,0.588599255570755,4,Right-Turn,Yes,No,Green,80,5,17,Evening,Monday,Fog,Yes,25,45,Road Closure
2024-03-24 11:46:00,8.76735,78.13425,33,Motorcycle,South,25.42393053630458,0.5416764457177166,2,Right-Turn,No,Yes,Red,80,30,24,Night,Tuesday,Fog,No,41,30,Road Closure
2024-08-21 23:25:00,8.76735,78.13425,12,Bicycle,North,61.726015110027106,0.3576958783213836,3,Right-Turn,Yes,No,Yellow,80,30,22,Evening,Monday,Rain,Yes,28,5,None
2024-10-20 14:16:00,8.76735,78.13425,31,Bus,North,64.05680903409112,0.8602622304545772,2,Right-Turn,No,No,Red,80,45,2,Morning,Monday,Fog,No,79,45,Accident
2024-02-25 07:40:00,8.76735,78.13425,32,Bicycle,West,63.38481791092393,0.5294849598140269,4,Right-Turn,No,Yes,Green,80,5,20,Afternoon,Sunday,Rain,Yes,5,30,None
2024-07-06 01:28:00,8.76735,78.13425,22,Car,South,41.72025497246316,0.7965443566661761,1,Right-Turn,Yes,Yes,Red,80,45,19,Afternoon,Saturday,Clear,No,66,45,None
2024-06-05 16:41:00,8.76735,78.13425,42,Bus,North,41.69812078937696,1.2617327383988217,3,Right-Turn,No,Yes,Yellow,80,30,11,Evening,Tuesday,Clear,No,79,30,Accident
2024-10-11 20:19:00,8.76735,78.13425,49,Car,South,65.91594164477266,1.0739764235893012,2,Through,Yes,Yes,Yellow,80,30,20,Morning,Saturday,Rain,No,61,45,Road Closure
2024-01-24 18:08:00,8.76735,78.13425,35,Truck,South,31.072157266108757,1.3772351524049045,1,Left-Turn,Yes,Yes,Red,80,45,25,Night,Friday,Clear,Yes,38,30,Road Closure
2024-04-11 00:18:00,8.76735,78.13425,9,Bicycle,West,77.56750786017815,1.400223373929017,2,Through,Yes,Yes,Green,80,30,7,Night,Friday,Clear,No,87,5,Road Closure
2024-01-01 09:55:00,8.76735,78.13425,5,Car,East,75.03444400313658,0.953066367786416,4,Through,Yes,No,Red,80,5,22,Afternoon,Monday,Snow,No,63,5,Accident
2024-07-26 17:40:00,8.76735,78.13425,27,Truck,East,45.73596685388522,1.2311176728958815,4,Through,Yes,No,Red,80,5,18,Evening,Wednesday,Rain,Yes,59,5,None
2024-07-30 20:39:00,8.76735,78.13425,48,Bus,North,42.43716326377449,1.3261696978183222,4,Left-Turn,Yes,No,Green,80,45,13,Afternoon,Sunday,Rain,No,38,45,Road Closure
2024-06-15 03:51:00,8.76735,78.13425,37,Bus,South,58.069248919465224,0.23867174745268607,4,Left-Turn,Yes,Yes,Green,80,45,4,Morning,Friday,Fog,No,40,5,Accident
2024-04-21 08:31:00,8.76735,78.13425,1,Bicycle,West,60.098849608522585,0.3825855093333641,2,Right-Turn,Yes,Yes,Red,80,5,30,Morning,Saturday,Clear,No,70,5,Accident
2024-04-27 01:18:00,8.76735,78.13425,11,Bicycle,North,57.05725042039438,0.9337435109120115,1,Right-Turn,Yes,No,Yellow,80,5,23,Evening,Sunday,Clear,No,39,30,Accident
2024-09-09 18:14:00,8.76735,78.13425,31,Bus,East,30.650596524883834,0.4568432942464098,4,Left-Turn,Yes,No,Yellow,80,30,8,Evening,Friday,Snow,Yes,74,30,Accident
2024-02-05 21:11:00,8.76735,78.13425,36,Bicycle,West,59.234610621469784,1.4988684458020756,2,Right-Turn,Yes,Yes,Green,80,45,9,Evening,Monday,Snow,Yes,96,5,Accident
2024-09-01 09:11:00,8.76735,78.13425,13,Car,West,49.22985463935596,0.8494057936825294,4,Right-Turn,No,Yes,Red,80,5,3,Afternoon,Monday,Snow,Yes,42,30,None
